Workbook

Sheet FINAL
A1: Name | B1: Usage Rate | C1: Progressive Actions | D1: G+A | E1: State | F1: Value | G1: PrgC | H1: PrgP | I1: PrgR
A2: ='Sheet 1'!B1 -> Marshall Munetsi | B2: =('Sheet 1'!B108)+('Sheet 1'!B109)+(('Sheet 1'!B31)-('Sheet 1'!B30))+(('Sheet 1'!B98)-('Sheet 1'!B99))+('Sheet 1'!B20) -> 11.63 | C2: =('Sheet 1'!B17)+('Sheet 1'!B18)+('Sheet 1'!B19) -> 4.84 | D2: =('Sheet 1'!B5)+('Sheet 1'!B6) -> 0.26 | E2: Current | F2: 15 | G2: =('Sheet 1'!B17) -> 0.68 | H2: =('Sheet 1'!B18) -> 1.2 | I2: =('Sheet 1'!B19) -> 2.96
A3: ='Sheet 1'!D1 -> João Gomes | B3: =('Sheet 1'!D108)+('Sheet 1'!D109)+(('Sheet 1'!D31)-('Sheet 1'!D30))+(('Sheet 1'!D98)-('Sheet 1'!D99))+('Sheet 1'!D20) -> 12.99 | C3: =('Sheet 1'!D17)+('Sheet 1'!D18)+('Sheet 1'!D19) -> 9.47 | D3: =('Sheet 1'!D5)+('Sheet 1'!D6) -> 0.09 | E3: Current | F3: 40 | G3: =('Sheet 1'!D17) -> 1.57 | H3: =('Sheet 1'!D18) -> 5.63 | I3: =('Sheet 1'!D19) -> 2.27
A4: ='Sheet 1'!F1 -> Jean-Ricner Bellegarde | B4: =('Sheet 1'!F108)+('Sheet 1'!F109)+(('Sheet 1'!F31)-('Sheet 1'!F30))+(('Sheet 1'!F98)-('Sheet 1'!F99))+('Sheet 1'!F20) -> 15.26 | C4: =('Sheet 1'!F17)+('Sheet 1'!F18)+('Sheet 1'!F19) -> 10.6 | D4: =('Sheet 1'!F5)+('Sheet 1'!F6) -> 0.36 | E4: Current | F4: 18 | G4: =('Sheet 1'!F17) -> 3.03 | H4: =('Sheet 1'!F18) -> 3.34 | I4: =('Sheet 1'!F19) -> 4.23
A5: ='Sheet 1'!H1 -> André | B5: =('Sheet 1'!H108)+('Sheet 1'!H109)+(('Sheet 1'!H31)-('Sheet 1'!H30))+(('Sheet 1'!H98)-('Sheet 1'!H99))+('Sheet 1'!H20) -> 6.67 | C5: =('Sheet 1'!H17)+('Sheet 1'!H18)+('Sheet 1'!H19) -> 5.02 | D5: =('Sheet 1'!H5)+('Sheet 1'!H6) -> 0 | E5: Current | F5: 28 | G5: =('Sheet 1'!H17) -> 0.54 | H5: =('Sheet 1'!H18) -> 4.03 | I5: =('Sheet 1'!H19) -> 0.45
A6: ='Sheet 1'!J1 -> Ladislav Krejčí | B6: =('Sheet 1'!J108)+('Sheet 1'!J109)+(('Sheet 1'!J31)-('Sheet 1'!J30))+(('Sheet 1'!J98)-('Sheet 1'!J99))+('Sheet 1'!J20) -> 9.14 | C6: =('Sheet 1'!J17)+('Sheet 1'!J18)+('Sheet 1'!J19) -> 6.03 | D6: =('Sheet 1'!J5)+('Sheet 1'!J6) -> 0.12 | E6: Current | F6: 22 | G6: =('Sheet 1'!J17) -> 0.69 | H6: =('Sheet 1'!J18) -> 4.97 | I6: =('Sheet 1'!J19) -> 0.37
A7: ='Sheet 1'!L1 -> Tommy Doyle | B7: =('Sheet 1'!L108)+('Sheet 1'!L109)+(('Sheet 1'!L31)-('Sheet 1'!L30))+(('Sheet 1'!L98)-('Sheet 1'!L99))+('Sheet 1'!L20) -> 13.57 | C7: =('Sheet 1'!L17)+('Sheet 1'!L18)+('Sheet 1'!L19) -> 8.77 | D7: =('Sheet 1'!L5)+('Sheet 1'!L6) -> 0 | E7: Departed | F7: 10 | G7: =('Sheet 1'!L17) -> 1.55 | H7: =('Sheet 1'!L18) -> 5.97 | I7: =('Sheet 1'!L19) -> 1.25
A8: ='Sheet 1'!N1 -> Mario Lemina | B8: =('Sheet 1'!N108)+('Sheet 1'!N109)+(('Sheet 1'!N31)-('Sheet 1'!N30))+(('Sheet 1'!N98)-('Sheet 1'!N99))+('Sheet 1'!N20) -> 10.1 | C8: =('Sheet 1'!N17)+('Sheet 1'!N18)+('Sheet 1'!N19) -> 4.76 | D8: =('Sheet 1'!N5)+('Sheet 1'!N6) -> 0.15 | E8: Departed | F8: 10 | G8: =('Sheet 1'!N17) -> 0.97 | H8: =('Sheet 1'!N18) -> 2.3 | I8: =('Sheet 1'!N19) -> 1.49
A9: ='Sheet 1'!P1 -> Matheus Nunes | B9: =('Sheet 1'!P108)+('Sheet 1'!P109)+(('Sheet 1'!P31)-('Sheet 1'!P30))+(('Sheet 1'!P98)-('Sheet 1'!P99))+('Sheet 1'!P20) -> 13.09 | C9: =('Sheet 1'!P17)+('Sheet 1'!P18)+('Sheet 1'!P19) -> 9.92 | D9: =('Sheet 1'!P5)+('Sheet 1'!P6) -> 0.08 | E9: Departed | F9: 45 | G9: =('Sheet 1'!P17) -> 2.15 | H9: =('Sheet 1'!P18) -> 3.06 | I9: =('Sheet 1'!P19) -> 4.71
A10: ='Sheet 1'!R1 -> João Moutinho | B10: =('Sheet 1'!R108)+('Sheet 1'!R109)+(('Sheet 1'!R31)-('Sheet 1'!R30))+(('Sheet 1'!R98)-('Sheet 1'!R99))+('Sheet 1'!R20) -> 12.69 | C10: =('Sheet 1'!R17)+('Sheet 1'!R18)+('Sheet 1'!R19) -> 9.45 | D10: =('Sheet 1'!R5)+('Sheet 1'!R6) -> 0.1 | E10: Departed | F10: 10 | G10: =('Sheet 1'!R17) -> 1.16 | H10: =('Sheet 1'!R18) -> 6.67 | I10: =('Sheet 1'!R19) -> 1.62
A11: ='Sheet 1'!T1 -> Rúben Neves | B11: =('Sheet 1'!T108)+('Sheet 1'!T109)+(('Sheet 1'!T31)-('Sheet 1'!T30))+(('Sheet 1'!T98)-('Sheet 1'!T99))+('Sheet 1'!T20) -> 14.49 | C11: =('Sheet 1'!T17)+('Sheet 1'!T18)+('Sheet 1'!T19) -> 7.87 | D11: =('Sheet 1'!T5)+('Sheet 1'!T6) -> 0.21 | E11: Departed | F11: 50 | G11: =('Sheet 1'!T17) -> 0.83 | H11: =('Sheet 1'!T18) -> 6.5 | I11: =('Sheet 1'!T19) -> 0.54
A12: ='Sheet 1'!V1 -> Boubacar Traoré | B12: =('Sheet 1'!V108)+('Sheet 1'!V109)+(('Sheet 1'!V31)-('Sheet 1'!V30))+(('Sheet 1'!V98)-('Sheet 1'!V99))+('Sheet 1'!V20) -> 12.97 | C12: =('Sheet 1'!V17)+('Sheet 1'!V18)+('Sheet 1'!V19) -> 5.83 | D12: =('Sheet 1'!V5)+('Sheet 1'!V6) -> 0 | E12: Departed | F12: 5 | G12: =('Sheet 1'!V17) -> 0.99 | H12: =('Sheet 1'!V18) -> 3.19 | I12: =('Sheet 1'!V19) -> 1.65
A13: ='Sheet 1'!X1 -> Leander Dendoncker | B13: =('Sheet 1'!X108)+('Sheet 1'!X109)+(('Sheet 1'!X31)-('Sheet 1'!X30))+(('Sheet 1'!X98)-('Sheet 1'!X99))+('Sheet 1'!X20) -> 8.08 | C13: =('Sheet 1'!X17)+('Sheet 1'!X18)+('Sheet 1'!X19) -> 5.45 | D13: =('Sheet 1'!X5)+('Sheet 1'!X6) -> 0.18 | E13: Departed | F13: 30 | G13: =('Sheet 1'!X17) -> 0.42 | H13: =('Sheet 1'!X18) -> 2.95 | I13: =('Sheet 1'!X19) -> 2.08

Sheet Sheet 1
A1: Player | B1: Marshall Munetsi | D1: João Gomes | F1: Jean-Ricner Bellegarde | H1: André | J1: Ladislav Krejčí | L1: Tommy Doyle | N1: Mario Lemina | P1: Matheus Nunes | R1: João Moutinho | T1: Rúben Neves | V1: Boubacar Traoré | X1: Leander Dendoncker
A4: Stat | B4: Per90 | C4: Percentile | D4: Per90 | E4: Percentile | F4: Per90 | G4: Percentile | H4: Per90 | I4: Percentile | J4: Per90 | K4: Percentile | L4: Per90 | M4: Percentile | N4: Per90 | O4: Percentile | P4: Per90 | Q4: Percentile | R4: Per90 | S4: Percentile | T4: Per90 | U4: Percentile | V4: Per90 | W4: Percentile | X4: Per90 | Y4: Percentile
A5: Goals | B5: =IFERROR(INDIRECT("'" & SUBSTITUTE($B$1,"'","''") & "'!B2"), "") -> 0.13 | C5: =IFERROR(INDIRECT("'" & SUBSTITUTE($B$1,"'","''") & "'!C2"), "") -> 74 | D5: =IFERROR(INDIRECT("'" & SUBSTITUTE($D$1,"'","''") & "'!B2"), "") -> 0.06 | E5: =IFERROR(INDIRECT("'" & SUBSTITUTE($D$1,"'","''") & "'!C2"), "") -> 45 | F5: =IFERROR(INDIRECT("'" & SUBSTITUTE($F$1,"'","''") & "'!B2"), "") -> 0.05 | G5: =IFERROR(INDIRECT("'" & SUBSTITUTE($F$1,"'","''") & "'!C2"), "") -> 38 | H5: =IFERROR(INDIRECT("'" & SUBSTITUTE($H$1,"'","''") & "'!B2"), "") -> 0 | I5: =IFERROR(INDIRECT("'" & SUBSTITUTE($H$1,"'","''") & "'!C2"), "") -> 11 | J5: =IFERROR(INDIRECT("'" & SUBSTITUTE($J$1,"'","''") & "'!B2"), "") -> 0.09 | K5: =IFERROR(INDIRECT("'" & SUBSTITUTE($J$1,"'","''") & "'!C2"), "") -> 80 | L5: =IFERROR(INDIRECT("'" & SUBSTITUTE($L$1,"'","''") & "'!B2"), "") -> 0 | M5: =IFERROR(INDIRECT("'" & SUBSTITUTE($L$1,"'","''") & "'!C2"), "") -> 14 | N5: =IFERROR(INDIRECT("'" & SUBSTITUTE($N$1,"'","''") & "'!B2"), "") -> 0.12 | O5: =IFERROR(INDIRECT("'" & SUBSTITUTE($N$1,"'","''") & "'!C2"), "") -> 64 | P5: =IFERROR(INDIRECT("'" & SUBSTITUTE($P$1,"'","''") & "'!B2"), "") -> 0.04 | Q5: =IFERROR(INDIRECT("'" & SUBSTITUTE($P$1,"'","''") & "'!C2"), "") -> 36 | R5: =IFERROR(INDIRECT("'" & SUBSTITUTE($R$1,"'","''") & "'!B2"), "") -> 0 | S5: =IFERROR(INDIRECT("'" & SUBSTITUTE($R$1,"'","''") & "'!C2"), "") -> 16 | T5: =IFERROR(INDIRECT("'" & SUBSTITUTE($T$1,"'","''") & "'!B2"), "") -> 0.18 | U5: =IFERROR(INDIRECT("'" & SUBSTITUTE($T$1,"'","''") & "'!C2"), "") -> 77 | V5: =IFERROR(INDIRECT("'" & SUBSTITUTE($V$1,"'","''") & "'!B2"), "") -> 0 | W5: =IFERROR(INDIRECT("'" & SUBSTITUTE($V$1,"'","''") & "'!C2"), "") -> 14 | X5: =IFERROR(INDIRECT("'" & SUBSTITUTE($X$1,"'","''") & "'!B2"), "") -> 0.09 | Y5: =IFERROR(INDIRECT("'" & SUBSTITUTE($X$1,"'","''") & "'!C2"), "") -> 62
A6: Assists | B6: =IFERROR(INDIRECT("'" & SUBSTITUTE($B$1,"'","''") & "'!B5"), "") -> 0.13 | C6: =IFERROR(INDIRECT("'" & SUBSTITUTE($B$1,"'","''") & "'!C5"), "") -> 71 | D6: =IFERROR(INDIRECT("'" & SUBSTITUTE($D$1,"'","''") & "'!B5"), "") -> 0.03 | E6: =IFERROR(INDIRECT("'" & SUBSTITUTE($D$1,"'","''") & "'!C5"), "") -> 21 | F6: =IFERROR(INDIRECT("'" & SUBSTITUTE($F$1,"'","''") & "'!B5"), "") -> 0.31 | G6: =IFERROR(INDIRECT("'" & SUBSTITUTE($F$1,"'","''") & "'!C5"), "") -> 98 | H6: =IFERROR(INDIRECT("'" & SUBSTITUTE($H$1,"'","''") & "'!B5"), "") -> 0 | I6: =IFERROR(INDIRECT("'" & SUBSTITUTE($H$1,"'","''") & "'!C5"), "") -> 9 | J6: =IFERROR(INDIRECT("'" & SUBSTITUTE($J$1,"'","''") & "'!B5"), "") -> 0.03 | K6: =IFERROR(INDIRECT("'" & SUBSTITUTE($J$1,"'","''") & "'!C5"), "") -> 58 | L6: =IFERROR(INDIRECT("'" & SUBSTITUTE($L$1,"'","''") & "'!B5"), "") -> 0 | M6: =IFERROR(INDIRECT("'" & SUBSTITUTE($L$1,"'","''") & "'!C5"), "") -> 13 | N6: =IFERROR(INDIRECT("'" & SUBSTITUTE($N$1,"'","''") & "'!B5"), "") -> 0.03 | O6: =IFERROR(INDIRECT("'" & SUBSTITUTE($N$1,"'","''") & "'!C5"), "") -> 27 | P6: =IFERROR(INDIRECT("'" & SUBSTITUTE($P$1,"'","''") & "'!B5"), "") -> 0.04 | Q6: =IFERROR(INDIRECT("'" & SUBSTITUTE($P$1,"'","''") & "'!C5"), "") -> 33 | R6: =IFERROR(INDIRECT("'" & SUBSTITUTE($R$1,"'","''") & "'!B5"), "") -> 0.1 | S6: =IFERROR(INDIRECT("'" & SUBSTITUTE($R$1,"'","''") & "'!C5"), "") -> 59 | T6: =IFERROR(INDIRECT("'" & SUBSTITUTE($T$1,"'","''") & "'!B5"), "") -> 0.03 | U6: =IFERROR(INDIRECT("'" & SUBSTITUTE($T$1,"'","''") & "'!C5"), "") -> 28 | V6: =IFERROR(INDIRECT("'" & SUBSTITUTE($V$1,"'","''") & "'!B5"), "") -> 0 | W6: =IFERROR(INDIRECT("'" & SUBSTITUTE($V$1,"'","''") & "'!C5"), "") -> 13 | X6: =IFERROR(INDIRECT("'" & SUBSTITUTE($X$1,"'","''") & "'!B5"), "") -> 0.09 | Y6: =IFERROR(INDIRECT("'" & SUBSTITUTE($X$1,"'","''") & "'!C5"), "") -> 58
A7: Goals + Assists | B7: =IFERROR(INDIRECT("'" & SUBSTITUTE($B$1,"'","''") & "'!B8"), "") -> 0.26 | C7: =IFERROR(INDIRECT("'" & SUBSTITUTE($B$1,"'","''") & "'!C8"), "") -> 73 | D7: =IFERROR(INDIRECT("'" & SUBSTITUTE($D$1,"'","''") & "'!B8"), "") -> 0.09 | E7: =IFERROR(INDIRECT("'" & SUBSTITUTE($D$1,"'","''") & "'!C8"), "") -> 26 | F7: =IFERROR(INDIRECT("'" & SUBSTITUTE($F$1,"'","''") & "'!B8"), "") -> 0.37 | G7: =IFERROR(INDIRECT("'" & SUBSTITUTE($F$1,"'","''") & "'!C8"), "") -> 87 | H7: =IFERROR(INDIRECT("'" & SUBSTITUTE($H$1,"'","''") & "'!B8"), "") -> 0 | I7: =IFERROR(INDIRECT("'" & SUBSTITUTE($H$1,"'","''") & "'!C8"), "") -> 3 | J7: =IFERROR(INDIRECT("'" & SUBSTITUTE($J$1,"'","''") & "'!B8"), "") -> 0.11 | K7: =IFERROR(INDIRECT("'" & SUBSTITUTE($J$1,"'","''") & "'!C8"), "") -> 78 | L7: =IFERROR(INDIRECT("'" & SUBSTITUTE($L$1,"'","''") & "'!B8"), "") -> 0 | M7: =IFERROR(INDIRECT("'" & SUBSTITUTE($L$1,"'","''") & "'!C8"), "") -> 7 | N7: =IFERROR(INDIRECT("'" & SUBSTITUTE($N$1,"'","''") & "'!B8"), "") -> 0.15 | O7: =IFERROR(INDIRECT("'" & SUBSTITUTE($N$1,"'","''") & "'!C8"), "") -> 42 | P7: =IFERROR(INDIRECT("'" & SUBSTITUTE($P$1,"'","''") & "'!B8"), "") -> 0.07 | Q7: =IFERROR(INDIRECT("'" & SUBSTITUTE($P$1,"'","''") & "'!C8"), "") -> 23 | R7: =IFERROR(INDIRECT("'" & SUBSTITUTE($R$1,"'","''") & "'!B8"), "") -> 0.1 | S7: =IFERROR(INDIRECT("'" & SUBSTITUTE($R$1,"'","''") & "'!C8"), "") -> 32 | T7: =IFERROR(INDIRECT("'" & SUBSTITUTE($T$1,"'","''") & "'!B8"), "") -> 0.21 | U7: =IFERROR(INDIRECT("'" & SUBSTITUTE($T$1,"'","''") & "'!C8"), "") -> 60 | V7: =IFERROR(INDIRECT("'" & SUBSTITUTE($V$1,"'","''") & "'!B8"), "") -> 0 | W7: =IFERROR(INDIRECT("'" & SUBSTITUTE($V$1,"'","''") & "'!C8"), "") -> 7 | X7: =IFERROR(INDIRECT("'" & SUBSTITUTE($X$1,"'","''") & "'!B8"), "") -> 0.18 | Y7: =IFERROR(INDIRECT("'" & SUBSTITUTE($X$1,"'","''") & "'!C8"), "") -> 57
A8: Non-Penalty Goals | B8: =IFERROR(INDIRECT("'" & SUBSTITUTE($B$1,"'","''") & "'!B11"), "") -> 0.13 | C8: =IFERROR(INDIRECT("'" & SUBSTITUTE($B$1,"'","''") & "'!C11"), "") -> 76 | D8: =IFERROR(INDIRECT("'" & SUBSTITUTE($D$1,"'","''") & "'!B11"), "") -> 0.06 | E8: =IFERROR(INDIRECT("'" & SUBSTITUTE($D$1,"'","''") & "'!C11"), "") -> 47 | F8: =IFERROR(INDIRECT("'" & SUBSTITUTE($F$1,"'","''") & "'!B11"), "") -> 0.05 | G8: =IFERROR(INDIRECT("'" & SUBSTITUTE($F$1,"'","''") & "'!C11"), "") -> 39 | H8: =IFERROR(INDIRECT("'" & SUBSTITUTE($H$1,"'","''") & "'!B11"), "") -> 0 | I8: =IFERROR(INDIRECT("'" & SUBSTITUTE($H$1,"'","''") & "'!C11"), "") -> 11 | J8: =IFERROR(INDIRECT("'" & SUBSTITUTE($J$1,"'","''") & "'!B11"), "") -> 0.09 | K8: =IFERROR(INDIRECT("'" & SUBSTITUTE($J$1,"'","''") & "'!C11"), "") -> 81 | L8: =IFERROR(INDIRECT("'" & SUBSTITUTE($L$1,"'","''") & "'!B11"), "") -> 0 | M8: =IFERROR(INDIRECT("'" & SUBSTITUTE($L$1,"'","''") & "'!C11"), "") -> 14 | N8: =IFERROR(INDIRECT("'" & SUBSTITUTE($N$1,"'","''") & "'!B11"), "") -> 0.12 | O8: =IFERROR(INDIRECT("'" & SUBSTITUTE($N$1,"'","''") & "'!C11"), "") -> 67 | P8: =IFERROR(INDIRECT("'" & SUBSTITUTE($P$1,"'","''") & "'!B11"), "") -> 0.04 | Q8: =IFERROR(INDIRECT("'" & SUBSTITUTE($P$1,"'","''") & "'!C11"), "") -> 37 | R8: =IFERROR(INDIRECT("'" & SUBSTITUTE($R$1,"'","''") & "'!B11"), "") -> 0 | S8: =IFERROR(INDIRECT("'" & SUBSTITUTE($R$1,"'","''") & "'!C11"), "") -> 16 | T8: =IFERROR(INDIRECT("'" & SUBSTITUTE($T$1,"'","''") & "'!B11"), "") -> 0.09 | U8: =IFERROR(INDIRECT("'" & SUBSTITUTE($T$1,"'","''") & "'!C11"), "") -> 55 | V8: =IFERROR(INDIRECT("'" & SUBSTITUTE($V$1,"'","''") & "'!B11"), "") -> 0 | W8: =IFERROR(INDIRECT("'" & SUBSTITUTE($V$1,"'","''") & "'!C11"), "") -> 14 | X8: =IFERROR(INDIRECT("'" & SUBSTITUTE($X$1,"'","''") & "'!B11"), "") -> 0.09 | Y8: =IFERROR(INDIRECT("'" & SUBSTITUTE($X$1,"'","''") & "'!C11"), "") -> 63
A9: Penalty Kicks Made | B9: =IFERROR(INDIRECT("'" & SUBSTITUTE($B$1,"'","''") & "'!B14"), "") -> 0 | C9: =IFERROR(INDIRECT("'" & SUBSTITUTE($B$1,"'","''") & "'!C14"), "") -> 45 | D9: =IFERROR(INDIRECT("'" & SUBSTITUTE($D$1,"'","''") & "'!B14"), "") -> 0 | E9: =IFERROR(INDIRECT("'" & SUBSTITUTE($D$1,"'","''") & "'!C14"), "") -> 45 | F9: =IFERROR(INDIRECT("'" & SUBSTITUTE($F$1,"'","''") & "'!B14"), "") -> 0 | G9: =IFERROR(INDIRECT("'" & SUBSTITUTE($F$1,"'","''") & "'!C14"), "") -> 45 | H9: =IFERROR(INDIRECT("'" & SUBSTITUTE($H$1,"'","''") & "'!B14"), "") -> 0 | I9: =IFERROR(INDIRECT("'" & SUBSTITUTE($H$1,"'","''") & "'!C14"), "") -> 45 | J9: =IFERROR(INDIRECT("'" & SUBSTITUTE($J$1,"'","''") & "'!B14"), "") -> 0 | K9: =IFERROR(INDIRECT("'" & SUBSTITUTE($J$1,"'","''") & "'!C14"), "") -> 49 | L9: =IFERROR(INDIRECT("'" & SUBSTITUTE($L$1,"'","''") & "'!B14"), "") -> 0 | M9: =IFERROR(INDIRECT("'" & SUBSTITUTE($L$1,"'","''") & "'!C14"), "") -> 45 | N9: =IFERROR(INDIRECT("'" & SUBSTITUTE($N$1,"'","''") & "'!B14"), "") -> 0 | O9: =IFERROR(INDIRECT("'" & SUBSTITUTE($N$1,"'","''") & "'!C14"), "") -> 45 | P9: =IFERROR(INDIRECT("'" & SUBSTITUTE($P$1,"'","''") & "'!B14"), "") -> 0 | Q9: =IFERROR(INDIRECT("'" & SUBSTITUTE($P$1,"'","''") & "'!C14"), "") -> 46 | R9: =IFERROR(INDIRECT("'" & SUBSTITUTE($R$1,"'","''") & "'!B14"), "") -> 0 | S9: =IFERROR(INDIRECT("'" & SUBSTITUTE($R$1,"'","''") & "'!C14"), "") -> 46 | T9: =IFERROR(INDIRECT("'" & SUBSTITUTE($T$1,"'","''") & "'!B14"), "") -> 0.09 | U9: =IFERROR(INDIRECT("'" & SUBSTITUTE($T$1,"'","''") & "'!C14"), "") -> 99 | V9: =IFERROR(INDIRECT("'" & SUBSTITUTE($V$1,"'","''") & "'!B14"), "") -> 0 | W9: =IFERROR(INDIRECT("'" & SUBSTITUTE($V$1,"'","''") & "'!C14"), "") -> 45 | X9: =IFERROR(INDIRECT("'" & SUBSTITUTE($X$1,"'","''") & "'!B14"), "") -> 0 | Y9: =IFERROR(INDIRECT("'" & SUBSTITUTE($X$1,"'","''") & "'!C14"), "") -> 46
A10: Penalty Kicks Attempted | B10: =IFERROR(INDIRECT("'" & SUBSTITUTE($B$1,"'","''") & "'!B17"), "") -> 0 | C10: =IFERROR(INDIRECT("'" & SUBSTITUTE($B$1,"'","''") & "'!C17"), "") -> 44 | D10: =IFERROR(INDIRECT("'" & SUBSTITUTE($D$1,"'","''") & "'!B17"), "") -> 0 | E10: =IFERROR(INDIRECT("'" & SUBSTITUTE($D$1,"'","''") & "'!C17"), "") -> 44 | F10: =IFERROR(INDIRECT("'" & SUBSTITUTE($F$1,"'","''") & "'!B17"), "") -> 0 | G10: =IFERROR(INDIRECT("'" & SUBSTITUTE($F$1,"'","''") & "'!C17"), "") -> 44 | H10: =IFERROR(INDIRECT("'" & SUBSTITUTE($H$1,"'","''") & "'!B17"), "") -> 0 | I10: =IFERROR(INDIRECT("'" & SUBSTITUTE($H$1,"'","''") & "'!C17"), "") -> 44 | J10: =IFERROR(INDIRECT("'" & SUBSTITUTE($J$1,"'","''") & "'!B17"), "") -> 0 | K10: =IFERROR(INDIRECT("'" & SUBSTITUTE($J$1,"'","''") & "'!C17"), "") -> 49 | L10: =IFERROR(INDIRECT("'" & SUBSTITUTE($L$1,"'","''") & "'!B17"), "") -> 0 | M10: =IFERROR(INDIRECT("'" & SUBSTITUTE($L$1,"'","''") & "'!C17"), "") -> 45 | N10: =IFERROR(INDIRECT("'" & SUBSTITUTE($N$1,"'","''") & "'!B17"), "") -> 0 | O10: =IFERROR(INDIRECT("'" & SUBSTITUTE($N$1,"'","''") & "'!C17"), "") -> 45 | P10: =IFERROR(INDIRECT("'" & SUBSTITUTE($P$1,"'","''") & "'!B17"), "") -> 0 | Q10: =IFERROR(INDIRECT("'" & SUBSTITUTE($P$1,"'","''") & "'!C17"), "") -> 45 | R10: =IFERROR(INDIRECT("'" & SUBSTITUTE($R$1,"'","''") & "'!B17"), "") -> 0 | S10: =IFERROR(INDIRECT("'" & SUBSTITUTE($R$1,"'","''") & "'!C17"), "") -> 45 | T10: =IFERROR(INDIRECT("'" & SUBSTITUTE($T$1,"'","''") & "'!B17"), "") -> 0.09 | U10: =IFERROR(INDIRECT("'" & SUBSTITUTE($T$1,"'","''") & "'!C17"), "") -> 98 | V10: =IFERROR(INDIRECT("'" & SUBSTITUTE($V$1,"'","''") & "'!B17"), "") -> 0 | W10: =IFERROR(INDIRECT("'" & SUBSTITUTE($V$1,"'","''") & "'!C17"), "") -> 45 | X10: =IFERROR(INDIRECT("'" & SUBSTITUTE($X$1,"'","''") & "'!B17"), "") -> 0 | Y10: =IFERROR(INDIRECT("'" & SUBSTITUTE($X$1,"'","''") & "'!C17"), "") -> 45
A11: Yellow Cards | B11: =IFERROR(INDIRECT("'" & SUBSTITUTE($B$1,"'","''") & "'!B20"), "") -> 0.13 | C11: =IFERROR(INDIRECT("'" & SUBSTITUTE($B$1,"'","''") & "'!C20"), "") -> 79 | D11: =IFERROR(INDIRECT("'" & SUBSTITUTE($D$1,"'","''") & "'!B20"), "") -> 0.3 | E11: =IFERROR(INDIRECT("'" & SUBSTITUTE($D$1,"'","''") & "'!C20"), "") -> 24 | F11: =IFERROR(INDIRECT("'" & SUBSTITUTE($F$1,"'","''") & "'!B20"), "") -> 0.16 | G11: =IFERROR(INDIRECT("'" & SUBSTITUTE($F$1,"'","''") & "'!C20"), "") -> 70 | H11: =IFERROR(INDIRECT("'" & SUBSTITUTE($H$1,"'","''") & "'!B20"), "") -> 0.26 | I11: =IFERROR(INDIRECT("'" & SUBSTITUTE($H$1,"'","''") & "'!C20"), "") -> 35 | J11: =IFERROR(INDIRECT("'" & SUBSTITUTE($J$1,"'","''") & "'!B20"), "") -> 0.26 | K11: =IFERROR(INDIRECT("'" & SUBSTITUTE($J$1,"'","''") & "'!C20"), "") -> 25 | L11: =IFERROR(INDIRECT("'" & SUBSTITUTE($L$1,"'","''") & "'!B20"), "") -> 0.15 | M11: =IFERROR(INDIRECT("'" & SUBSTITUTE($L$1,"'","''") & "'!C20"), "") -> 77 | N11: =IFERROR(INDIRECT("'" & SUBSTITUTE($N$1,"'","''") & "'!B20"), "") -> 0.36 | O11: =IFERROR(INDIRECT("'" & SUBSTITUTE($N$1,"'","''") & "'!C20"), "") -> 19 | P11: =IFERROR(INDIRECT("'" & SUBSTITUTE($P$1,"'","''") & "'!B20"), "") -> 0.07 | Q11: =IFERROR(INDIRECT("'" & SUBSTITUTE($P$1,"'","''") & "'!C20"), "") -> 86 | R11: =IFERROR(INDIRECT("'" & SUBSTITUTE($R$1,"'","''") & "'!B20"), "") -> 0.15 | S11: =IFERROR(INDIRECT("'" & SUBSTITUTE($R$1,"'","''") & "'!C20"), "") -> 68 | T11: =IFERROR(INDIRECT("'" & SUBSTITUTE($T$1,"'","''") & "'!B20"), "") -> 0.36 | U11: =IFERROR(INDIRECT("'" & SUBSTITUTE($T$1,"'","''") & "'!C20"), "") -> 20 | V11: =IFERROR(INDIRECT("'" & SUBSTITUTE($V$1,"'","''") & "'!B20"), "") -> 0.44 | W11: =IFERROR(INDIRECT("'" & SUBSTITUTE($V$1,"'","''") & "'!C20"), "") -> 7 | X11: =IFERROR(INDIRECT("'" & SUBSTITUTE($X$1,"'","''") & "'!B20"), "") -> 0.18 | Y11: =IFERROR(INDIRECT("'" & SUBSTITUTE($X$1,"'","''") & "'!C20"), "") -> 51
A12: Red Cards | B12: =IFERROR(INDIRECT("'" & SUBSTITUTE($B$1,"'","''") & "'!B23"), "") -> 0 | C12: =IFERROR(INDIRECT("'" & SUBSTITUTE($B$1,"'","''") & "'!C23"), "") -> 59 | D12: =IFERROR(INDIRECT("'" & SUBSTITUTE($D$1,"'","''") & "'!B23"), "") -> 0.03 | E12: =IFERROR(INDIRECT("'" & SUBSTITUTE($D$1,"'","''") & "'!C23"), "") -> 13 | F12: =IFERROR(INDIRECT("'" & SUBSTITUTE($F$1,"'","''") & "'!B23"), "") -> 0 | G12: =IFERROR(INDIRECT("'" & SUBSTITUTE($F$1,"'","''") & "'!C23"), "") -> 59 | H12: =IFERROR(INDIRECT("'" & SUBSTITUTE($H$1,"'","''") & "'!B23"), "") -> 0 | I12: =IFERROR(INDIRECT("'" & SUBSTITUTE($H$1,"'","''") & "'!C23"), "") -> 59 | J12: =IFERROR(INDIRECT("'" & SUBSTITUTE($J$1,"'","''") & "'!B23"), "") -> 0 | K12: =IFERROR(INDIRECT("'" & SUBSTITUTE($J$1,"'","''") & "'!C23"), "") -> 62 | L12: =IFERROR(INDIRECT("'" & SUBSTITUTE($L$1,"'","''") & "'!B23"), "") -> 0 | M12: =IFERROR(INDIRECT("'" & SUBSTITUTE($L$1,"'","''") & "'!C23"), "") -> 58 | N12: =IFERROR(INDIRECT("'" & SUBSTITUTE($N$1,"'","''") & "'!B23"), "") -> 0.03 | O12: =IFERROR(INDIRECT("'" & SUBSTITUTE($N$1,"'","''") & "'!C23"), "") -> 11 | P12: =IFERROR(INDIRECT("'" & SUBSTITUTE($P$1,"'","''") & "'!B23"), "") -> 0.04 | Q12: =IFERROR(INDIRECT("'" & SUBSTITUTE($P$1,"'","''") & "'!C23"), "") -> 7 | R12: =IFERROR(INDIRECT("'" & SUBSTITUTE($R$1,"'","''") & "'!B23"), "") -> 0 | S12: =IFERROR(INDIRECT("'" & SUBSTITUTE($R$1,"'","''") & "'!C23"), "") -> 55 | T12: =IFERROR(INDIRECT("'" & SUBSTITUTE($T$1,"'","''") & "'!B23"), "") -> 0 | U12: =IFERROR(INDIRECT("'" & SUBSTITUTE($T$1,"'","''") & "'!C23"), "") -> 55 | V12: =IFERROR(INDIRECT("'" & SUBSTITUTE($V$1,"'","''") & "'!B23"), "") -> 0 | W12: =IFERROR(INDIRECT("'" & SUBSTITUTE($V$1,"'","''") & "'!C23"), "") -> 58 | X12: =IFERROR(INDIRECT("'" & SUBSTITUTE($X$1,"'","''") & "'!B23"), "") -> 0 | Y12: =IFERROR(INDIRECT("'" & SUBSTITUTE($X$1,"'","''") & "'!C23"), "") -> 54
A13: xG: Expected Goals | B13: =IFERROR(INDIRECT("'" & SUBSTITUTE($B$1,"'","''") & "'!B26"), "") -> 0.19 | C13: =IFERROR(INDIRECT("'" & SUBSTITUTE($B$1,"'","''") & "'!C26"), "") -> 90 | D13: =IFERROR(INDIRECT("'" & SUBSTITUTE($D$1,"'","''") & "'!B26"), "") -> 0.08 | E13: =IFERROR(INDIRECT("'" & SUBSTITUTE($D$1,"'","''") & "'!C26"), "") -> 57 | F13: =IFERROR(INDIRECT("'" & SUBSTITUTE($F$1,"'","''") & "'!B26"), "") -> 0.08 | G13: =IFERROR(INDIRECT("'" & SUBSTITUTE($F$1,"'","''") & "'!C26"), "") -> 57 | H13: =IFERROR(INDIRECT("'" & SUBSTITUTE($H$1,"'","''") & "'!B26"), "") -> 0.01 | I13: =IFERROR(INDIRECT("'" & SUBSTITUTE($H$1,"'","''") & "'!C26"), "") -> 5 | J13: =IFERROR(INDIRECT("'" & SUBSTITUTE($J$1,"'","''") & "'!B26"), "") -> 0.07 | K13: =IFERROR(INDIRECT("'" & SUBSTITUTE($J$1,"'","''") & "'!C26"), "") -> 76 | L13: =IFERROR(INDIRECT("'" & SUBSTITUTE($L$1,"'","''") & "'!B26"), "") -> 0.03 | M13: =IFERROR(INDIRECT("'" & SUBSTITUTE($L$1,"'","''") & "'!C26"), "") -> 17 | N13: =IFERROR(INDIRECT("'" & SUBSTITUTE($N$1,"'","''") & "'!B26"), "") -> 0.14 | O13: =IFERROR(INDIRECT("'" & SUBSTITUTE($N$1,"'","''") & "'!C26"), "") -> 68 | P13: =IFERROR(INDIRECT("'" & SUBSTITUTE($P$1,"'","''") & "'!B26"), "") -> 0.09 | Q13: =IFERROR(INDIRECT("'" & SUBSTITUTE($P$1,"'","''") & "'!C26"), "") -> 46 | R13: =IFERROR(INDIRECT("'" & SUBSTITUTE($R$1,"'","''") & "'!B26"), "") -> 0.07 | S13: =IFERROR(INDIRECT("'" & SUBSTITUTE($R$1,"'","''") & "'!C26"), "") -> 34 | T13: =IFERROR(INDIRECT("'" & SUBSTITUTE($T$1,"'","''") & "'!B26"), "") -> 0.16 | U13: =IFERROR(INDIRECT("'" & SUBSTITUTE($T$1,"'","''") & "'!C26"), "") -> 81 | V13: =IFERROR(INDIRECT("'" & SUBSTITUTE($V$1,"'","''") & "'!B26"), "") -> 0.03 | W13: =IFERROR(INDIRECT("'" & SUBSTITUTE($V$1,"'","''") & "'!C26"), "") -> 18 | X13: =IFERROR(INDIRECT("'" & SUBSTITUTE($X$1,"'","''") & "'!B26"), "") -> 0.1 | Y13: =IFERROR(INDIRECT("'" & SUBSTITUTE($X$1,"'","''") & "'!C26"), "") -> 56
A14: npxG: Non-Penalty xG | B14: =IFERROR(INDIRECT("'" & SUBSTITUTE($B$1,"'","''") & "'!B29"), "") -> 0.19 | C14: =IFERROR(INDIRECT("'" & SUBSTITUTE($B$1,"'","''") & "'!C29"), "") -> 92 | D14: =IFERROR(INDIRECT("'" & SUBSTITUTE($D$1,"'","''") & "'!B29"), "") -> 0.08 | E14: =IFERROR(INDIRECT("'" & SUBSTITUTE($D$1,"'","''") & "'!C29"), "") -> 61 | F14: =IFERROR(INDIRECT("'" & SUBSTITUTE($F$1,"'","''") & "'!B29"), "") -> 0.08 | G14: =IFERROR(INDIRECT("'" & SUBSTITUTE($F$1,"'","''") & "'!C29"), "") -> 61 | H14: =IFERROR(INDIRECT("'" & SUBSTITUTE($H$1,"'","''") & "'!B29"), "") -> 0.01 | I14: =IFERROR(INDIRECT("'" & SUBSTITUTE($H$1,"'","''") & "'!C29"), "") -> 5 | J14: =IFERROR(INDIRECT("'" & SUBSTITUTE($J$1,"'","''") & "'!B29"), "") -> 0.07 | K14: =IFERROR(INDIRECT("'" & SUBSTITUTE($J$1,"'","''") & "'!C29"), "") -> 77 | L14: =IFERROR(INDIRECT("'" & SUBSTITUTE($L$1,"'","''") & "'!B29"), "") -> 0.03 | M14: =IFERROR(INDIRECT("'" & SUBSTITUTE($L$1,"'","''") & "'!C29"), "") -> 18 | N14: =IFERROR(INDIRECT("'" & SUBSTITUTE($N$1,"'","''") & "'!B29"), "") -> 0.14 | O14: =IFERROR(INDIRECT("'" & SUBSTITUTE($N$1,"'","''") & "'!C29"), "") -> 71 | P14: =IFERROR(INDIRECT("'" & SUBSTITUTE($P$1,"'","''") & "'!B29"), "") -> 0.09 | Q14: =IFERROR(INDIRECT("'" & SUBSTITUTE($P$1,"'","''") & "'!C29"), "") -> 49 | R14: =IFERROR(INDIRECT("'" & SUBSTITUTE($R$1,"'","''") & "'!B29"), "") -> 0.07 | S14: =IFERROR(INDIRECT("'" & SUBSTITUTE($R$1,"'","''") & "'!C29"), "") -> 37 | T14: =IFERROR(INDIRECT("'" & SUBSTITUTE($T$1,"'","''") & "'!B29"), "") -> 0.08 | U14: =IFERROR(INDIRECT("'" & SUBSTITUTE($T$1,"'","''") & "'!C29"), "") -> 46 | V14: =IFERROR(INDIRECT("'" & SUBSTITUTE($V$1,"'","''") & "'!B29"), "") -> 0.03 | W14: =IFERROR(INDIRECT("'" & SUBSTITUTE($V$1,"'","''") & "'!C29"), "") -> 18 | X14: =IFERROR(INDIRECT("'" & SUBSTITUTE($X$1,"'","''") & "'!B29"), "") -> 0.1 | Y14: =IFERROR(INDIRECT("'" & SUBSTITUTE($X$1,"'","''") & "'!C29"), "") -> 62
A15: xAG: Exp. Assisted Goals | B15: =IFERROR(INDIRECT("'" & SUBSTITUTE($B$1,"'","''") & "'!B32"), "") -> 0.13 | C15: =IFERROR(INDIRECT("'" & SUBSTITUTE($B$1,"'","''") & "'!C32"), "") -> 77 | D15: =IFERROR(INDIRECT("'" & SUBSTITUTE($D$1,"'","''") & "'!B32"), "") -> 0.04 | E15: =IFERROR(INDIRECT("'" & SUBSTITUTE($D$1,"'","''") & "'!C32"), "") -> 16 | F15: =IFERROR(INDIRECT("'" & SUBSTITUTE($F$1,"'","''") & "'!B32"), "") -> 0.2 | G15: =IFERROR(INDIRECT("'" & SUBSTITUTE($F$1,"'","''") & "'!C32"), "") -> 91 | H15: =IFERROR(INDIRECT("'" & SUBSTITUTE($H$1,"'","''") & "'!B32"), "") -> 0.03 | I15: =IFERROR(INDIRECT("'" & SUBSTITUTE($H$1,"'","''") & "'!C32"), "") -> 7 | J15: =IFERROR(INDIRECT("'" & SUBSTITUTE($J$1,"'","''") & "'!B32"), "") -> 0.03 | K15: =IFERROR(INDIRECT("'" & SUBSTITUTE($J$1,"'","''") & "'!C32"), "") -> 63 | L15: =IFERROR(INDIRECT("'" & SUBSTITUTE($L$1,"'","''") & "'!B32"), "") -> 0.03 | M15: =IFERROR(INDIRECT("'" & SUBSTITUTE($L$1,"'","''") & "'!C32"), "") -> 11 | N15: =IFERROR(INDIRECT("'" & SUBSTITUTE($N$1,"'","''") & "'!B32"), "") -> 0.05 | O15: =IFERROR(INDIRECT("'" & SUBSTITUTE($N$1,"'","''") & "'!C32"), "") -> 23 | P15: =IFERROR(INDIRECT("'" & SUBSTITUTE($P$1,"'","''") & "'!B32"), "") -> 0.08 | Q15: =IFERROR(INDIRECT("'" & SUBSTITUTE($P$1,"'","''") & "'!C32"), "") -> 41 | R15: =IFERROR(INDIRECT("'" & SUBSTITUTE($R$1,"'","''") & "'!B32"), "") -> 0.13 | S15: =IFERROR(INDIRECT("'" & SUBSTITUTE($R$1,"'","''") & "'!C32"), "") -> 70 | T15: =IFERROR(INDIRECT("'" & SUBSTITUTE($T$1,"'","''") & "'!B32"), "") -> 0.05 | U15: =IFERROR(INDIRECT("'" & SUBSTITUTE($T$1,"'","''") & "'!C32"), "") -> 23 | V15: =IFERROR(INDIRECT("'" & SUBSTITUTE($V$1,"'","''") & "'!B32"), "") -> 0.04 | W15: =IFERROR(INDIRECT("'" & SUBSTITUTE($V$1,"'","''") & "'!C32"), "") -> 20 | X15: =IFERROR(INDIRECT("'" & SUBSTITUTE($X$1,"'","''") & "'!B32"), "") -> 0.05 | Y15: =IFERROR(INDIRECT("'" & SUBSTITUTE($X$1,"'","''") & "'!C32"), "") -> 25
A16: npxG + xAG | B16: =IFERROR(INDIRECT("'" & SUBSTITUTE($B$1,"'","''") & "'!B35"), "") -> 0.32 | C16: =IFERROR(INDIRECT("'" & SUBSTITUTE($B$1,"'","''") & "'!C35"), "") -> 89 | D16: =IFERROR(INDIRECT("'" & SUBSTITUTE($D$1,"'","''") & "'!B35"), "") -> 0.12 | E16: =IFERROR(INDIRECT("'" & SUBSTITUTE($D$1,"'","''") & "'!C35"), "") -> 35 | F16: =IFERROR(INDIRECT("'" & SUBSTITUTE($F$1,"'","''") & "'!B35"), "") -> 0.28 | G16: =IFERROR(INDIRECT("'" & SUBSTITUTE($F$1,"'","''") & "'!C35"), "") -> 85 | H16: =IFERROR(INDIRECT("'" & SUBSTITUTE($H$1,"'","''") & "'!B35"), "") -> 0.04 | I16: =IFERROR(INDIRECT("'" & SUBSTITUTE($H$1,"'","''") & "'!C35"), "") -> 2 | J16: =IFERROR(INDIRECT("'" & SUBSTITUTE($J$1,"'","''") & "'!B35"), "") -> 0.1 | K16: =IFERROR(INDIRECT("'" & SUBSTITUTE($J$1,"'","''") & "'!C35"), "") -> 73 | L16: =IFERROR(INDIRECT("'" & SUBSTITUTE($L$1,"'","''") & "'!B35"), "") -> 0.07 | M16: =IFERROR(INDIRECT("'" & SUBSTITUTE($L$1,"'","''") & "'!C35"), "") -> 7 | N16: =IFERROR(INDIRECT("'" & SUBSTITUTE($N$1,"'","''") & "'!B35"), "") -> 0.19 | O16: =IFERROR(INDIRECT("'" & SUBSTITUTE($N$1,"'","''") & "'!C35"), "") -> 44 | P16: =IFERROR(INDIRECT("'" & SUBSTITUTE($P$1,"'","''") & "'!B35"), "") -> 0.17 | Q16: =IFERROR(INDIRECT("'" & SUBSTITUTE($P$1,"'","''") & "'!C35"), "") -> 43 | R16: =IFERROR(INDIRECT("'" & SUBSTITUTE($R$1,"'","''") & "'!B35"), "") -> 0.2 | S16: =IFERROR(INDIRECT("'" & SUBSTITUTE($R$1,"'","''") & "'!C35"), "") -> 51 | T16: =IFERROR(INDIRECT("'" & SUBSTITUTE($T$1,"'","''") & "'!B35"), "") -> 0.13 | U16: =IFERROR(INDIRECT("'" & SUBSTITUTE($T$1,"'","''") & "'!C35"), "") -> 30 | V16: =IFERROR(INDIRECT("'" & SUBSTITUTE($V$1,"'","''") & "'!B35"), "") -> 0.08 | W16: =IFERROR(INDIRECT("'" & SUBSTITUTE($V$1,"'","''") & "'!C35"), "") -> 14 | X16: =IFERROR(INDIRECT("'" & SUBSTITUTE($X$1,"'","''") & "'!B35"), "") -> 0.15 | Y16: =IFERROR(INDIRECT("'" & SUBSTITUTE($X$1,"'","''") & "'!C35"), "") -> 46
A17: Progressive Carries | B17: =IFERROR(INDIRECT("'" & SUBSTITUTE($B$1,"'","''") & "'!B39"), "") -> 0.68 | C17: =IFERROR(INDIRECT("'" & SUBSTITUTE($B$1,"'","''") & "'!C39"), "") -> 16 | D17: =IFERROR(INDIRECT("'" & SUBSTITUTE($D$1,"'","''") & "'!B39"), "") -> 1.57 | E17: =IFERROR(INDIRECT("'" & SUBSTITUTE($D$1,"'","''") & "'!C39"), "") -> 70 | F17: =IFERROR(INDIRECT("'" & SUBSTITUTE($F$1,"'","''") & "'!B39"), "") -> 3.03 | G17: =IFERROR(INDIRECT("'" & SUBSTITUTE($F$1,"'","''") & "'!C39"), "") -> 97 | H17: =IFERROR(INDIRECT("'" & SUBSTITUTE($H$1,"'","''") & "'!B39"), "") -> 0.54 | I17: =IFERROR(INDIRECT("'" & SUBSTITUTE($H$1,"'","''") & "'!C39"), "") -> 8 | J17: =IFERROR(INDIRECT("'" & SUBSTITUTE($J$1,"'","''") & "'!B39"), "") -> 0.69 | K17: =IFERROR(INDIRECT("'" & SUBSTITUTE($J$1,"'","''") & "'!C39"), "") -> 59 | L17: =IFERROR(INDIRECT("'" & SUBSTITUTE($L$1,"'","''") & "'!B39"), "") -> 1.55 | M17: =IFERROR(INDIRECT("'" & SUBSTITUTE($L$1,"'","''") & "'!C39"), "") -> 54 | N17: =IFERROR(INDIRECT("'" & SUBSTITUTE($N$1,"'","''") & "'!B39"), "") -> 0.97 | O17: =IFERROR(INDIRECT("'" & SUBSTITUTE($N$1,"'","''") & "'!C39"), "") -> 31 | P17: =IFERROR(INDIRECT("'" & SUBSTITUTE($P$1,"'","''") & "'!B39"), "") -> 2.15 | Q17: =IFERROR(INDIRECT("'" & SUBSTITUTE($P$1,"'","''") & "'!C39"), "") -> 72 | R17: =IFERROR(INDIRECT("'" & SUBSTITUTE($R$1,"'","''") & "'!B39"), "") -> 1.16 | S17: =IFERROR(INDIRECT("'" & SUBSTITUTE($R$1,"'","''") & "'!C39"), "") -> 48 | T17: =IFERROR(INDIRECT("'" & SUBSTITUTE($T$1,"'","''") & "'!B39"), "") -> 0.83 | U17: =IFERROR(INDIRECT("'" & SUBSTITUTE($T$1,"'","''") & "'!C39"), "") -> 27 | V17: =IFERROR(INDIRECT("'" & SUBSTITUTE($V$1,"'","''") & "'!B39"), "") -> 0.99 | W17: =IFERROR(INDIRECT("'" & SUBSTITUTE($V$1,"'","''") & "'!C39"), "") -> 34 | X17: =IFERROR(INDIRECT("'" & SUBSTITUTE($X$1,"'","''") & "'!B39"), "") -> 0.42 | Y17: =IFERROR(INDIRECT("'" & SUBSTITUTE($X$1,"'","''") & "'!C39"), "") -> 6
A18: Progressive Passes | B18: =IFERROR(INDIRECT("'" & SUBSTITUTE($B$1,"'","''") & "'!B42"), "") -> 1.2 | C18: =IFERROR(INDIRECT("'" & SUBSTITUTE($B$1,"'","''") & "'!C42"), "") -> 1 | D18: =IFERROR(INDIRECT("'" & SUBSTITUTE($D$1,"'","''") & "'!B42"), "") -> 5.63 | E18: =IFERROR(INDIRECT("'" & SUBSTITUTE($D$1,"'","''") & "'!C42"), "") -> 69 | F18: =IFERROR(INDIRECT("'" & SUBSTITUTE($F$1,"'","''") & "'!B42"), "") -> 3.34 | G18: =IFERROR(INDIRECT("'" & SUBSTITUTE($F$1,"'","''") & "'!C42"), "") -> 17 | H18: =IFERROR(INDIRECT("'" & SUBSTITUTE($H$1,"'","''") & "'!B42"), "") -> 4.03 | I18: =IFERROR(INDIRECT("'" & SUBSTITUTE($H$1,"'","''") & "'!C42"), "") -> 34 | J18: =IFERROR(INDIRECT("'" & SUBSTITUTE($J$1,"'","''") & "'!B42"), "") -> 4.97 | K18: =IFERROR(INDIRECT("'" & SUBSTITUTE($J$1,"'","''") & "'!C42"), "") -> 86 | L18: =IFERROR(INDIRECT("'" & SUBSTITUTE($L$1,"'","''") & "'!B42"), "") -> 5.97 | M18: =IFERROR(INDIRECT("'" & SUBSTITUTE($L$1,"'","''") & "'!C42"), "") -> 79 | N18: =IFERROR(INDIRECT("'" & SUBSTITUTE($N$1,"'","''") & "'!B42"), "") -> 2.3 | O18: =IFERROR(INDIRECT("'" & SUBSTITUTE($N$1,"'","''") & "'!C42"), "") -> 5 | P18: =IFERROR(INDIRECT("'" & SUBSTITUTE($P$1,"'","''") & "'!B42"), "") -> 3.06 | Q18: =IFERROR(INDIRECT("'" & SUBSTITUTE($P$1,"'","''") & "'!C42"), "") -> 21 | R18: =IFERROR(INDIRECT("'" & SUBSTITUTE($R$1,"'","''") & "'!B42"), "") -> 6.67 | S18: =IFERROR(INDIRECT("'" & SUBSTITUTE($R$1,"'","''") & "'!C42"), "") -> 82 | T18: =IFERROR(INDIRECT("'" & SUBSTITUTE($T$1,"'","''") & "'!B42"), "") -> 6.5 | U18: =IFERROR(INDIRECT("'" & SUBSTITUTE($T$1,"'","''") & "'!C42"), "") -> 80 | V18: =IFERROR(INDIRECT("'" & SUBSTITUTE($V$1,"'","''") & "'!B42"), "") -> 3.19 | W18: =IFERROR(INDIRECT("'" & SUBSTITUTE($V$1,"'","''") & "'!C42"), "") -> 18 | X18: =IFERROR(INDIRECT("'" & SUBSTITUTE($X$1,"'","''") & "'!B42"), "") -> 2.95 | Y18: =IFERROR(INDIRECT("'" & SUBSTITUTE($X$1,"'","''") & "'!C42"), "") -> 20
A19: Progressive Passes Rec | B19: =IFERROR(INDIRECT("'" & SUBSTITUTE($B$1,"'","''") & "'!B45"), "") -> 2.96 | C19: =IFERROR(INDIRECT("'" & SUBSTITUTE($B$1,"'","''") & "'!C45"), "") -> 79 | D19: =IFERROR(INDIRECT("'" & SUBSTITUTE($D$1,"'","''") & "'!B45"), "") -> 2.27 | E19: =IFERROR(INDIRECT("'" & SUBSTITUTE($D$1,"'","''") & "'!C45"), "") -> 64 | F19: =IFERROR(INDIRECT("'" & SUBSTITUTE($F$1,"'","''") & "'!B45"), "") -> 4.23 | G19: =IFERROR(INDIRECT("'" & SUBSTITUTE($F$1,"'","''") & "'!C45"), "") -> 89 | H19: =IFERROR(INDIRECT("'" & SUBSTITUTE($H$1,"'","''") & "'!B45"), "") -> 0.45 | I19: =IFERROR(INDIRECT("'" & SUBSTITUTE($H$1,"'","''") & "'!C45"), "") -> 3 | J19: =IFERROR(INDIRECT("'" & SUBSTITUTE($J$1,"'","''") & "'!B45"), "") -> 0.37 | K19: =IFERROR(INDIRECT("'" & SUBSTITUTE($J$1,"'","''") & "'!C45"), "") -> 63 | L19: =IFERROR(INDIRECT("'" & SUBSTITUTE($L$1,"'","''") & "'!B45"), "") -> 1.25 | M19: =IFERROR(INDIRECT("'" & SUBSTITUTE($L$1,"'","''") & "'!C45"), "") -> 25 | N19: =IFERROR(INDIRECT("'" & SUBSTITUTE($N$1,"'","''") & "'!B45"), "") -> 1.49 | O19: =IFERROR(INDIRECT("'" & SUBSTITUTE($N$1,"'","''") & "'!C45"), "") -> 29 | P19: =IFERROR(INDIRECT("'" & SUBSTITUTE($P$1,"'","''") & "'!B45"), "") -> 4.71 | Q19: =IFERROR(INDIRECT("'" & SUBSTITUTE($P$1,"'","''") & "'!C45"), "") -> 77 | R19: =IFERROR(INDIRECT("'" & SUBSTITUTE($R$1,"'","''") & "'!B45"), "") -> 1.62 | S19: =IFERROR(INDIRECT("'" & SUBSTITUTE($R$1,"'","''") & "'!C45"), "") -> 43 | T19: =IFERROR(INDIRECT("'" & SUBSTITUTE($T$1,"'","''") & "'!B45"), "") -> 0.54 | U19: =IFERROR(INDIRECT("'" & SUBSTITUTE($T$1,"'","''") & "'!C45"), "") -> 13 | V19: =IFERROR(INDIRECT("'" & SUBSTITUTE($V$1,"'","''") & "'!B45"), "") -> 1.65 | W19: =IFERROR(INDIRECT("'" & SUBSTITUTE($V$1,"'","''") & "'!C45"), "") -> 34 | X19: =IFERROR(INDIRECT("'" & SUBSTITUTE($X$1,"'","''") & "'!B45"), "") -> 2.08 | Y19: =IFERROR(INDIRECT("'" & SUBSTITUTE($X$1,"'","''") & "'!C45"), "") -> 45
A20: Shots Total | B20: =IFERROR(INDIRECT("'" & SUBSTITUTE($B$1,"'","''") & "'!B53"), "") -> 1.59 | C20: =IFERROR(INDIRECT("'" & SUBSTITUTE($B$1,"'","''") & "'!C53"), "") -> 84 | D20: =IFERROR(INDIRECT("'" & SUBSTITUTE($D$1,"'","''") & "'!B53"), "") -> 1.06 | E20: =IFERROR(INDIRECT("'" & SUBSTITUTE($D$1,"'","''") & "'!C53"), "") -> 54 | F20: =IFERROR(INDIRECT("'" & SUBSTITUTE($F$1,"'","''") & "'!B53"), "") -> 1.46 | G20: =IFERROR(INDIRECT("'" & SUBSTITUTE($F$1,"'","''") & "'!C53"), "") -> 77 | H20: =IFERROR(INDIRECT("'" & SUBSTITUTE($H$1,"'","''") & "'!B53"), "") -> 0.32 | I20: =IFERROR(INDIRECT("'" & SUBSTITUTE($H$1,"'","''") & "'!C53"), "") -> 5 | J20: =IFERROR(INDIRECT("'" & SUBSTITUTE($J$1,"'","''") & "'!B53"), "") -> 0.69 | K20: =IFERROR(INDIRECT("'" & SUBSTITUTE($J$1,"'","''") & "'!C53"), "") -> 76 | L20: =IFERROR(INDIRECT("'" & SUBSTITUTE($L$1,"'","''") & "'!B53"), "") -> 1.03 | M20: =IFERROR(INDIRECT("'" & SUBSTITUTE($L$1,"'","''") & "'!C53"), "") -> 36 | N20: =IFERROR(INDIRECT("'" & SUBSTITUTE($N$1,"'","''") & "'!B53"), "") -> 1.46 | O20: =IFERROR(INDIRECT("'" & SUBSTITUTE($N$1,"'","''") & "'!C53"), "") -> 69 | P20: =IFERROR(INDIRECT("'" & SUBSTITUTE($P$1,"'","''") & "'!B53"), "") -> 1.02 | Q20: =IFERROR(INDIRECT("'" & SUBSTITUTE($P$1,"'","''") & "'!C53"), "") -> 46 | R20: =IFERROR(INDIRECT("'" & SUBSTITUTE($R$1,"'","''") & "'!B53"), "") -> 0.81 | S20: =IFERROR(INDIRECT("'" & SUBSTITUTE($R$1,"'","''") & "'!C53"), "") -> 30 | T20: =IFERROR(INDIRECT("'" & SUBSTITUTE($T$1,"'","''") & "'!B53"), "") -> 1.88 | U20: =IFERROR(INDIRECT("'" & SUBSTITUTE($T$1,"'","''") & "'!C53"), "") -> 86 | V20: =IFERROR(INDIRECT("'" & SUBSTITUTE($V$1,"'","''") & "'!B53"), "") -> 1.21 | W20: =IFERROR(INDIRECT("'" & SUBSTITUTE($V$1,"'","''") & "'!C53"), "") -> 47 | X20: =IFERROR(INDIRECT("'" & SUBSTITUTE($X$1,"'","''") & "'!B53"), "") -> 1.06 | Y20: =IFERROR(INDIRECT("'" & SUBSTITUTE($X$1,"'","''") & "'!C53"), "") -> 43
A21: Shots on Target | B21: =IFERROR(INDIRECT("'" & SUBSTITUTE($B$1,"'","''") & "'!B56"), "") -> 0.52 | C21: =IFERROR(INDIRECT("'" & SUBSTITUTE($B$1,"'","''") & "'!C56"), "") -> 82 | D21: =IFERROR(INDIRECT("'" & SUBSTITUTE($D$1,"'","''") & "'!B56"), "") -> 0.18 | E21: =IFERROR(INDIRECT("'" & SUBSTITUTE($D$1,"'","''") & "'!C56"), "") -> 34 | F21: =IFERROR(INDIRECT("'" & SUBSTITUTE($F$1,"'","''") & "'!B56"), "") -> 0.31 | G21: =IFERROR(INDIRECT("'" & SUBSTITUTE($F$1,"'","''") & "'!C56"), "") -> 58 | H21: =IFERROR(INDIRECT("'" & SUBSTITUTE($H$1,"'","''") & "'!B56"), "") -> 0 | I21: =IFERROR(INDIRECT("'" & SUBSTITUTE($H$1,"'","''") & "'!C56"), "") -> 2 | J21: =IFERROR(INDIRECT("'" & SUBSTITUTE($J$1,"'","''") & "'!B56"), "") -> 0.26 | K21: =IFERROR(INDIRECT("'" & SUBSTITUTE($J$1,"'","''") & "'!C56"), "") -> 89 | L21: =IFERROR(INDIRECT("'" & SUBSTITUTE($L$1,"'","''") & "'!B56"), "") -> 0.22 | M21: =IFERROR(INDIRECT("'" & SUBSTITUTE($L$1,"'","''") & "'!C56"), "") -> 30 | N21: =IFERROR(INDIRECT("'" & SUBSTITUTE($N$1,"'","''") & "'!B56"), "") -> 0.55 | O21: =IFERROR(INDIRECT("'" & SUBSTITUTE($N$1,"'","''") & "'!C56"), "") -> 80 | P21: =IFERROR(INDIRECT("'" & SUBSTITUTE($P$1,"'","''") & "'!B56"), "") -> 0.33 | Q21: =IFERROR(INDIRECT("'" & SUBSTITUTE($P$1,"'","''") & "'!C56"), "") -> 50 | R21: =IFERROR(INDIRECT("'" & SUBSTITUTE($R$1,"'","''") & "'!B56"), "") -> 0.15 | S21: =IFERROR(INDIRECT("'" & SUBSTITUTE($R$1,"'","''") & "'!C56"), "") -> 23 | T21: =IFERROR(INDIRECT("'" & SUBSTITUTE($T$1,"'","''") & "'!B56"), "") -> 0.39 | U21: =IFERROR(INDIRECT("'" & SUBSTITUTE($T$1,"'","''") & "'!C56"), "") -> 60 | V21: =IFERROR(INDIRECT("'" & SUBSTITUTE($V$1,"'","''") & "'!B56"), "") -> 0.11 | W21: =IFERROR(INDIRECT("'" & SUBSTITUTE($V$1,"'","''") & "'!C56"), "") -> 11 | X21: =IFERROR(INDIRECT("'" & SUBSTITUTE($X$1,"'","''") & "'!B56"), "") -> 0.46 | Y21: =IFERROR(INDIRECT("'" & SUBSTITUTE($X$1,"'","''") & "'!C56"), "") -> 66
A22: Shots on Target % | B22: =IFERROR(INDIRECT("'" & SUBSTITUTE($B$1,"'","''") & "'!B59"), "") -> 0.327 | C22: =IFERROR(INDIRECT("'" & SUBSTITUTE($B$1,"'","''") & "'!C59"), "") -> 65 | D22: =IFERROR(INDIRECT("'" & SUBSTITUTE($D$1,"'","''") & "'!B59"), "") -> 0.171 | E22: =IFERROR(INDIRECT("'" & SUBSTITUTE($D$1,"'","''") & "'!C59"), "") -> 15 | F22: =IFERROR(INDIRECT("'" & SUBSTITUTE($F$1,"'","''") & "'!B59"), "") -> 0.214 | G22: =IFERROR(INDIRECT("'" & SUBSTITUTE($F$1,"'","''") & "'!C59"), "") -> 27 | H22: =IFERROR(INDIRECT("'" & SUBSTITUTE($H$1,"'","''") & "'!B59"), "") -> 0 | I22: =IFERROR(INDIRECT("'" & SUBSTITUTE($H$1,"'","''") & "'!C59"), "") -> 2 | J22: =IFERROR(INDIRECT("'" & SUBSTITUTE($J$1,"'","''") & "'!B59"), "") -> 0.375 | K22: =IFERROR(INDIRECT("'" & SUBSTITUTE($J$1,"'","''") & "'!C59"), "") -> 76 | L22: =IFERROR(INDIRECT("'" & SUBSTITUTE($L$1,"'","''") & "'!B59"), "") -> 0.214 | M22: =IFERROR(INDIRECT("'" & SUBSTITUTE($L$1,"'","''") & "'!C59"), "") -> 20 | N22: =IFERROR(INDIRECT("'" & SUBSTITUTE($N$1,"'","''") & "'!B59"), "") -> 0.375 | O22: =IFERROR(INDIRECT("'" & SUBSTITUTE($N$1,"'","''") & "'!C59"), "") -> 81 | P22: =IFERROR(INDIRECT("'" & SUBSTITUTE($P$1,"'","''") & "'!B59"), "") -> 0.321 | Q22: =IFERROR(INDIRECT("'" & SUBSTITUTE($P$1,"'","''") & "'!C59"), "") -> 55 | R22: =IFERROR(INDIRECT("'" & SUBSTITUTE($R$1,"'","''") & "'!B59"), "") -> 0.188 | S22: =IFERROR(INDIRECT("'" & SUBSTITUTE($R$1,"'","''") & "'!C59"), "") -> 18 | T22: =IFERROR(INDIRECT("'" & SUBSTITUTE($T$1,"'","''") & "'!B59"), "") -> 0.206 | U22: =IFERROR(INDIRECT("'" & SUBSTITUTE($T$1,"'","''") & "'!C59"), "") -> 23 | V22: =IFERROR(INDIRECT("'" & SUBSTITUTE($V$1,"'","''") & "'!B59"), "") -> 0.091 | W22: =IFERROR(INDIRECT("'" & SUBSTITUTE($V$1,"'","''") & "'!C59"), "") -> 5 | X22: =IFERROR(INDIRECT("'" & SUBSTITUTE($X$1,"'","''") & "'!B59"), "") -> 0.435 | Y22: =IFERROR(INDIRECT("'" & SUBSTITUTE($X$1,"'","''") & "'!C59"), "") -> 90
A23: Goals/Shot | B23: =IFERROR(INDIRECT("'" & SUBSTITUTE($B$1,"'","''") & "'!B62"), "") -> 0.08 | C23: =IFERROR(INDIRECT("'" & SUBSTITUTE($B$1,"'","''") & "'!C62"), "") -> 56 | D23: =IFERROR(INDIRECT("'" & SUBSTITUTE($D$1,"'","''") & "'!B62"), "") -> 0.06 | E23: =IFERROR(INDIRECT("'" & SUBSTITUTE($D$1,"'","''") & "'!C62"), "") -> 43 | F23: =IFERROR(INDIRECT("'" & SUBSTITUTE($F$1,"'","''") & "'!B62"), "") -> 0.04 | G23: =IFERROR(INDIRECT("'" & SUBSTITUTE($F$1,"'","''") & "'!C62"), "") -> 31 | H23: =IFERROR(INDIRECT("'" & SUBSTITUTE($H$1,"'","''") & "'!B62"), "") -> 0 | I23: =IFERROR(INDIRECT("'" & SUBSTITUTE($H$1,"'","''") & "'!C62"), "") -> 11 | J23: =IFERROR(INDIRECT("'" & SUBSTITUTE($J$1,"'","''") & "'!B62"), "") -> 0.13 | K23: =IFERROR(INDIRECT("'" & SUBSTITUTE($J$1,"'","''") & "'!C62"), "") -> 74 | L23: =IFERROR(INDIRECT("'" & SUBSTITUTE($L$1,"'","''") & "'!B62"), "") -> 0 | M23: =IFERROR(INDIRECT("'" & SUBSTITUTE($L$1,"'","''") & "'!C62"), "") -> 14 | N23: =IFERROR(INDIRECT("'" & SUBSTITUTE($N$1,"'","''") & "'!B62"), "") -> 0.08 | O23: =IFERROR(INDIRECT("'" & SUBSTITUTE($N$1,"'","''") & "'!C62"), "") -> 60 | P23: =IFERROR(INDIRECT("'" & SUBSTITUTE($P$1,"'","''") & "'!B62"), "") -> 0.04 | Q23: =IFERROR(INDIRECT("'" & SUBSTITUTE($P$1,"'","''") & "'!C62"), "") -> 42 | R23: =IFERROR(INDIRECT("'" & SUBSTITUTE($R$1,"'","''") & "'!B62"), "") -> 0 | S23: =IFERROR(INDIRECT("'" & SUBSTITUTE($R$1,"'","''") & "'!C62"), "") -> 16 | T23: =IFERROR(INDIRECT("'" & SUBSTITUTE($T$1,"'","''") & "'!B62"), "") -> 0.05 | U23: =IFERROR(INDIRECT("'" & SUBSTITUTE($T$1,"'","''") & "'!C62"), "") -> 47 | V23: =IFERROR(INDIRECT("'" & SUBSTITUTE($V$1,"'","''") & "'!B62"), "") -> 0 | W23: =IFERROR(INDIRECT("'" & SUBSTITUTE($V$1,"'","''") & "'!C62"), "") -> 14 | X23: =IFERROR(INDIRECT("'" & SUBSTITUTE($X$1,"'","''") & "'!B62"), "") -> 0.09 | Y23: =IFERROR(INDIRECT("'" & SUBSTITUTE($X$1,"'","''") & "'!C62"), "") -> 68
A24: Goals/Shot on Target | B24: =IFERROR(INDIRECT("'" & SUBSTITUTE($B$1,"'","''") & "'!B65"), "") -> 0.25 | C24: =IFERROR(INDIRECT("'" & SUBSTITUTE($B$1,"'","''") & "'!C65"), "") -> 49 | D24: =IFERROR(INDIRECT("'" & SUBSTITUTE($D$1,"'","''") & "'!B65"), "") -> 0.33 | E24: =IFERROR(INDIRECT("'" & SUBSTITUTE($D$1,"'","''") & "'!C65"), "") -> 69 | F24: =IFERROR(INDIRECT("'" & SUBSTITUTE($F$1,"'","''") & "'!B65"), "") -> 0.17 | G24: =IFERROR(INDIRECT("'" & SUBSTITUTE($F$1,"'","''") & "'!C65"), "") -> 30 | H24: =IFERROR(INDIRECT("'" & SUBSTITUTE($H$1,"'","''") & "'!B65"), "") -> 0 | I24: =IFERROR(INDIRECT("'" & SUBSTITUTE($H$1,"'","''") & "'!C65"), "") -> 0 | J24: =IFERROR(INDIRECT("'" & SUBSTITUTE($J$1,"'","''") & "'!B65"), "") -> 0.33 | K24: =IFERROR(INDIRECT("'" & SUBSTITUTE($J$1,"'","''") & "'!C65"), "") -> 57 | L24: =IFERROR(INDIRECT("'" & SUBSTITUTE($L$1,"'","''") & "'!B65"), "") -> 0 | M24: =IFERROR(INDIRECT("'" & SUBSTITUTE($L$1,"'","''") & "'!C65"), "") -> 14 | N24: =IFERROR(INDIRECT("'" & SUBSTITUTE($N$1,"'","''") & "'!B65"), "") -> 0.22 | O24: =IFERROR(INDIRECT("'" & SUBSTITUTE($N$1,"'","''") & "'!C65"), "") -> 45 | P24: =IFERROR(INDIRECT("'" & SUBSTITUTE($P$1,"'","''") & "'!B65"), "") -> 0.11 | Q24: =IFERROR(INDIRECT("'" & SUBSTITUTE($P$1,"'","''") & "'!C65"), "") -> 35 | R24: =IFERROR(INDIRECT("'" & SUBSTITUTE($R$1,"'","''") & "'!B65"), "") -> 0 | S24: =IFERROR(INDIRECT("'" & SUBSTITUTE($R$1,"'","''") & "'!C65"), "") -> 16 | T24: =IFERROR(INDIRECT("'" & SUBSTITUTE($T$1,"'","''") & "'!B65"), "") -> 0.23 | U24: =IFERROR(INDIRECT("'" & SUBSTITUTE($T$1,"'","''") & "'!C65"), "") -> 50 | V24: =IFERROR(INDIRECT("'" & SUBSTITUTE($V$1,"'","''") & "'!B65"), "") -> 0 | W24: =IFERROR(INDIRECT("'" & SUBSTITUTE($V$1,"'","''") & "'!C65"), "") -> 14 | X24: =IFERROR(INDIRECT("'" & SUBSTITUTE($X$1,"'","''") & "'!B65"), "") -> 0.2 | Y24: =IFERROR(INDIRECT("'" & SUBSTITUTE($X$1,"'","''") & "'!C65"), "") -> 48
A25: Average Shot Distance | B25: =IFERROR(INDIRECT("'" & SUBSTITUTE($B$1,"'","''") & "'!B68"), "") -> 14.7 | C25: =IFERROR(INDIRECT("'" & SUBSTITUTE($B$1,"'","''") & "'!C68"), "") -> 90 | D25: =IFERROR(INDIRECT("'" & SUBSTITUTE($D$1,"'","''") & "'!B68"), "") -> 18.8 | E25: =IFERROR(INDIRECT("'" & SUBSTITUTE($D$1,"'","''") & "'!C68"), "") -> 64 | F25: =IFERROR(INDIRECT("'" & SUBSTITUTE($F$1,"'","''") & "'!B68"), "") -> 22 | G25: =IFERROR(INDIRECT("'" & SUBSTITUTE($F$1,"'","''") & "'!C68"), "") -> 31 | H25: =IFERROR(INDIRECT("'" & SUBSTITUTE($H$1,"'","''") & "'!B68"), "") -> 27.1 | I25: =IFERROR(INDIRECT("'" & SUBSTITUTE($H$1,"'","''") & "'!C68"), "") -> 5 | J25: =IFERROR(INDIRECT("'" & SUBSTITUTE($J$1,"'","''") & "'!B68"), "") -> 15 | K25: =IFERROR(INDIRECT("'" & SUBSTITUTE($J$1,"'","''") & "'!C68"), "") -> 30 | L25: =IFERROR(INDIRECT("'" & SUBSTITUTE($L$1,"'","''") & "'!B68"), "") -> 26.2 | M25: =IFERROR(INDIRECT("'" & SUBSTITUTE($L$1,"'","''") & "'!C68"), "") -> 6 | N25: =IFERROR(INDIRECT("'" & SUBSTITUTE($N$1,"'","''") & "'!B68"), "") -> 16.6 | O25: =IFERROR(INDIRECT("'" & SUBSTITUTE($N$1,"'","''") & "'!C68"), "") -> 82 | P25: =IFERROR(INDIRECT("'" & SUBSTITUTE($P$1,"'","''") & "'!B68"), "") -> 17.6 | Q25: =IFERROR(INDIRECT("'" & SUBSTITUTE($P$1,"'","''") & "'!C68"), "") -> 71 | R25: =IFERROR(INDIRECT("'" & SUBSTITUTE($R$1,"'","''") & "'!B68"), "") -> 18.4 | S25: =IFERROR(INDIRECT("'" & SUBSTITUTE($R$1,"'","''") & "'!C68"), "") -> 62 | T25: =IFERROR(INDIRECT("'" & SUBSTITUTE($T$1,"'","''") & "'!B68"), "") -> 26.7 | U25: =IFERROR(INDIRECT("'" & SUBSTITUTE($T$1,"'","''") & "'!C68"), "") -> 10 | V25: =IFERROR(INDIRECT("'" & SUBSTITUTE($V$1,"'","''") & "'!B68"), "") -> 27.9 | W25: =IFERROR(INDIRECT("'" & SUBSTITUTE($V$1,"'","''") & "'!C68"), "") -> 2 | X25: =IFERROR(INDIRECT("'" & SUBSTITUTE($X$1,"'","''") & "'!B68"), "") -> 16.1 | Y25: =IFERROR(INDIRECT("'" & SUBSTITUTE($X$1,"'","''") & "'!C68"), "") -> 90
A26: Shots from Free Kicks | B26: =IFERROR(INDIRECT("'" & SUBSTITUTE($B$1,"'","''") & "'!B71"), "") -> 0 | C26: =IFERROR(INDIRECT("'" & SUBSTITUTE($B$1,"'","''") & "'!C71"), "") -> 34 | D26: =IFERROR(INDIRECT("'" & SUBSTITUTE($D$1,"'","''") & "'!B71"), "") -> 0 | E26: =IFERROR(INDIRECT("'" & SUBSTITUTE($D$1,"'","''") & "'!C71"), "") -> 34 | F26: =IFERROR(INDIRECT("'" & SUBSTITUTE($F$1,"'","''") & "'!B71"), "") -> 0.1 | G26: =IFERROR(INDIRECT("'" & SUBSTITUTE($F$1,"'","''") & "'!C71"), "") -> 87 | H26: =IFERROR(INDIRECT("'" & SUBSTITUTE($H$1,"'","''") & "'!B71"), "") -> 0 | I26: =IFERROR(INDIRECT("'" & SUBSTITUTE($H$1,"'","''") & "'!C71"), "") -> 34 | J26: =IFERROR(INDIRECT("'" & SUBSTITUTE($J$1,"'","''") & "'!B71"), "") -> 0 | K26: =IFERROR(INDIRECT("'" & SUBSTITUTE($J$1,"'","''") & "'!C71"), "") -> 44 | L26: =IFERROR(INDIRECT("'" & SUBSTITUTE($L$1,"'","''") & "'!B71"), "") -> 0.15 | M26: =IFERROR(INDIRECT("'" & SUBSTITUTE($L$1,"'","''") & "'!C71"), "") -> 86 | N26: =IFERROR(INDIRECT("'" & SUBSTITUTE($N$1,"'","''") & "'!B71"), "") -> 0 | O26: =IFERROR(INDIRECT("'" & SUBSTITUTE($N$1,"'","''") & "'!C71"), "") -> 33 | P26: =IFERROR(INDIRECT("'" & SUBSTITUTE($P$1,"'","''") & "'!B71"), "") -> 0.04 | Q26: =IFERROR(INDIRECT("'" & SUBSTITUTE($P$1,"'","''") & "'!C71"), "") -> 73 | R26: =IFERROR(INDIRECT("'" & SUBSTITUTE($R$1,"'","''") & "'!B71"), "") -> 0.15 | S26: =IFERROR(INDIRECT("'" & SUBSTITUTE($R$1,"'","''") & "'!C71"), "") -> 86 | T26: =IFERROR(INDIRECT("'" & SUBSTITUTE($T$1,"'","''") & "'!B71"), "") -> 0.33 | U26: =IFERROR(INDIRECT("'" & SUBSTITUTE($T$1,"'","''") & "'!C71"), "") -> 97 | V26: =IFERROR(INDIRECT("'" & SUBSTITUTE($V$1,"'","''") & "'!B71"), "") -> 0 | W26: =IFERROR(INDIRECT("'" & SUBSTITUTE($V$1,"'","''") & "'!C71"), "") -> 33 | X26: =IFERROR(INDIRECT("'" & SUBSTITUTE($X$1,"'","''") & "'!B71"), "") -> 0 | Y26: =IFERROR(INDIRECT("'" & SUBSTITUTE($X$1,"'","''") & "'!C71"), "") -> 32
A27: npxG/Shot | B27: =IFERROR(INDIRECT("'" & SUBSTITUTE($B$1,"'","''") & "'!B87"), "") -> 0.12 | C27: =IFERROR(INDIRECT("'" & SUBSTITUTE($B$1,"'","''") & "'!C87"), "") -> 89 | D27: =IFERROR(INDIRECT("'" & SUBSTITUTE($D$1,"'","''") & "'!B87"), "") -> 0.08 | E27: =IFERROR(INDIRECT("'" & SUBSTITUTE($D$1,"'","''") & "'!C87"), "") -> 61 | F27: =IFERROR(INDIRECT("'" & SUBSTITUTE($F$1,"'","''") & "'!B87"), "") -> 0.06 | G27: =IFERROR(INDIRECT("'" & SUBSTITUTE($F$1,"'","''") & "'!C87"), "") -> 36 | H27: =IFERROR(INDIRECT("'" & SUBSTITUTE($H$1,"'","''") & "'!B87"), "") -> 0.04 | I27: =IFERROR(INDIRECT("'" & SUBSTITUTE($H$1,"'","''") & "'!C87"), "") -> 10 | J27: =IFERROR(INDIRECT("'" & SUBSTITUTE($J$1,"'","''") & "'!B87"), "") -> 0.1 | K27: =IFERROR(INDIRECT("'" & SUBSTITUTE($J$1,"'","''") & "'!C87"), "") -> 59 | L27: =IFERROR(INDIRECT("'" & SUBSTITUTE($L$1,"'","''") & "'!B87"), "") -> 0.03 | M27: =IFERROR(INDIRECT("'" & SUBSTITUTE($L$1,"'","''") & "'!C87"), "") -> 6 | N27: =IFERROR(INDIRECT("'" & SUBSTITUTE($N$1,"'","''") & "'!B87"), "") -> 0.1 | O27: =IFERROR(INDIRECT("'" & SUBSTITUTE($N$1,"'","''") & "'!C87"), "") -> 76 | P27: =IFERROR(INDIRECT("'" & SUBSTITUTE($P$1,"'","''") & "'!B87"), "") -> 0.09 | Q27: =IFERROR(INDIRECT("'" & SUBSTITUTE($P$1,"'","''") & "'!C87"), "") -> 64 | R27: =IFERROR(INDIRECT("'" & SUBSTITUTE($R$1,"'","''") & "'!B87"), "") -> 0.08 | S27: =IFERROR(INDIRECT("'" & SUBSTITUTE($R$1,"'","''") & "'!C87"), "") -> 50 | T27: =IFERROR(INDIRECT("'" & SUBSTITUTE($T$1,"'","''") & "'!B87"), "") -> 0.04 | U27: =IFERROR(INDIRECT("'" & SUBSTITUTE($T$1,"'","''") & "'!C87"), "") -> 13 | V27: =IFERROR(INDIRECT("'" & SUBSTITUTE($V$1,"'","''") & "'!B87"), "") -> 0.03 | W27: =IFERROR(INDIRECT("'" & SUBSTITUTE($V$1,"'","''") & "'!C87"), "") -> 6 | X27: =IFERROR(INDIRECT("'" & SUBSTITUTE($X$1,"'","''") & "'!B87"), "") -> 0.1 | Y27: =IFERROR(INDIRECT("'" & SUBSTITUTE($X$1,"'","''") & "'!C87"), "") -> 82
A28: Goals - xG | B28: =IFERROR(INDIRECT("'" & SUBSTITUTE($B$1,"'","''") & "'!B90"), "") -> -0.06 | C28: =IFERROR(INDIRECT("'" & SUBSTITUTE($B$1,"'","''") & "'!C90"), "") -> 7 | D28: =IFERROR(INDIRECT("'" & SUBSTITUTE($D$1,"'","''") & "'!B90"), "") -> -0.02 | E28: =IFERROR(INDIRECT("'" & SUBSTITUTE($D$1,"'","''") & "'!C90"), "") -> 29 | F28: =IFERROR(INDIRECT("'" & SUBSTITUTE($F$1,"'","''") & "'!B90"), "") -> -0.03 | G28: =IFERROR(INDIRECT("'" & SUBSTITUTE($F$1,"'","''") & "'!C90"), "") -> 23 | H28: =IFERROR(INDIRECT("'" & SUBSTITUTE($H$1,"'","''") & "'!B90"), "") -> -0.01 | I28: =IFERROR(INDIRECT("'" & SUBSTITUTE($H$1,"'","''") & "'!C90"), "") -> 41 | J28: =IFERROR(INDIRECT("'" & SUBSTITUTE($J$1,"'","''") & "'!B90"), "") -> 0.02 | K28: =IFERROR(INDIRECT("'" & SUBSTITUTE($J$1,"'","''") & "'!C90"), "") -> 77 | L28: =IFERROR(INDIRECT("'" & SUBSTITUTE($L$1,"'","''") & "'!B90"), "") -> -0.03 | M28: =IFERROR(INDIRECT("'" & SUBSTITUTE($L$1,"'","''") & "'!C90"), "") -> 36 | N28: =IFERROR(INDIRECT("'" & SUBSTITUTE($N$1,"'","''") & "'!B90"), "") -> -0.02 | O28: =IFERROR(INDIRECT("'" & SUBSTITUTE($N$1,"'","''") & "'!C90"), "") -> 45 | P28: =IFERROR(INDIRECT("'" & SUBSTITUTE($P$1,"'","''") & "'!B90"), "") -> -0.05 | Q28: =IFERROR(INDIRECT("'" & SUBSTITUTE($P$1,"'","''") & "'!C90"), "") -> 22 | R28: =IFERROR(INDIRECT("'" & SUBSTITUTE($R$1,"'","''") & "'!B90"), "") -> -0.07 | S28: =IFERROR(INDIRECT("'" & SUBSTITUTE($R$1,"'","''") & "'!C90"), "") -> 16 | T28: =IFERROR(INDIRECT("'" & SUBSTITUTE($T$1,"'","''") & "'!B90"), "") -> 0.02 | U28: =IFERROR(INDIRECT("'" & SUBSTITUTE($T$1,"'","''") & "'!C90"), "") -> 62 | V28: =IFERROR(INDIRECT("'" & SUBSTITUTE($V$1,"'","''") & "'!B90"), "") -> -0.03 | W28: =IFERROR(INDIRECT("'" & SUBSTITUTE($V$1,"'","''") & "'!C90"), "") -> 34 | X28: =IFERROR(INDIRECT("'" & SUBSTITUTE($X$1,"'","''") & "'!B90"), "") -> -0.01 | Y28: =IFERROR(INDIRECT("'" & SUBSTITUTE($X$1,"'","''") & "'!C90"), "") -> 50
A29: Non-Penalty Goals - npxG | B29: =IFERROR(INDIRECT("'" & SUBSTITUTE($B$1,"'","''") & "'!B93"), "") -> -0.06 | C29: =IFERROR(INDIRECT("'" & SUBSTITUTE($B$1,"'","''") & "'!C93"), "") -> 7 | D29: =IFERROR(INDIRECT("'" & SUBSTITUTE($D$1,"'","''") & "'!B93"), "") -> -0.02 | E29: =IFERROR(INDIRECT("'" & SUBSTITUTE($D$1,"'","''") & "'!C93"), "") -> 28 | F29: =IFERROR(INDIRECT("'" & SUBSTITUTE($F$1,"'","''") & "'!B93"), "") -> -0.03 | G29: =IFERROR(INDIRECT("'" & SUBSTITUTE($F$1,"'","''") & "'!C93"), "") -> 22 | H29: =IFERROR(INDIRECT("'" & SUBSTITUTE($H$1,"'","''") & "'!B93"), "") -> -0.01 | I29: =IFERROR(INDIRECT("'" & SUBSTITUTE($H$1,"'","''") & "'!C93"), "") -> 40 | J29: =IFERROR(INDIRECT("'" & SUBSTITUTE($J$1,"'","''") & "'!B93"), "") -> 0.02 | K29: =IFERROR(INDIRECT("'" & SUBSTITUTE($J$1,"'","''") & "'!C93"), "") -> 77 | L29: =IFERROR(INDIRECT("'" & SUBSTITUTE($L$1,"'","''") & "'!B93"), "") -> -0.03 | M29: =IFERROR(INDIRECT("'" & SUBSTITUTE($L$1,"'","''") & "'!C93"), "") -> 36 | N29: =IFERROR(INDIRECT("'" & SUBSTITUTE($N$1,"'","''") & "'!B93"), "") -> -0.02 | O29: =IFERROR(INDIRECT("'" & SUBSTITUTE($N$1,"'","''") & "'!C93"), "") -> 46 | P29: =IFERROR(INDIRECT("'" & SUBSTITUTE($P$1,"'","''") & "'!B93"), "") -> -0.05 | Q29: =IFERROR(INDIRECT("'" & SUBSTITUTE($P$1,"'","''") & "'!C93"), "") -> 22 | R29: =IFERROR(INDIRECT("'" & SUBSTITUTE($R$1,"'","''") & "'!B93"), "") -> -0.07 | S29: =IFERROR(INDIRECT("'" & SUBSTITUTE($R$1,"'","''") & "'!C93"), "") -> 17 | T29: =IFERROR(INDIRECT("'" & SUBSTITUTE($T$1,"'","''") & "'!B93"), "") -> 0.01 | U29: =IFERROR(INDIRECT("'" & SUBSTITUTE($T$1,"'","''") & "'!C93"), "") -> 60 | V29: =IFERROR(INDIRECT("'" & SUBSTITUTE($V$1,"'","''") & "'!B93"), "") -> -0.03 | W29: =IFERROR(INDIRECT("'" & SUBSTITUTE($V$1,"'","''") & "'!C93"), "") -> 34 | X29: =IFERROR(INDIRECT("'" & SUBSTITUTE($X$1,"'","''") & "'!B93"), "") -> -0.01 | Y29: =IFERROR(INDIRECT("'" & SUBSTITUTE($X$1,"'","''") & "'!C93"), "") -> 49
A30: Passes Completed | B30: =IFERROR(INDIRECT("'" & SUBSTITUTE($B$1,"'","''") & "'!B98"), "") -> 12.31 | C30: =IFERROR(INDIRECT("'" & SUBSTITUTE($B$1,"'","''") & "'!C98"), "") -> 1 | D30: =IFERROR(INDIRECT("'" & SUBSTITUTE($D$1,"'","''") & "'!B98"), "") -> 44.03 | E30: =IFERROR(INDIRECT("'" & SUBSTITUTE($D$1,"'","''") & "'!C98"), "") -> 60 | F30: =IFERROR(INDIRECT("'" & SUBSTITUTE($F$1,"'","''") & "'!B98"), "") -> 27.42 | G30: =IFERROR(INDIRECT("'" & SUBSTITUTE($F$1,"'","''") & "'!C98"), "") -> 11 | H30: =IFERROR(INDIRECT("'" & SUBSTITUTE($H$1,"'","''") & "'!B98"), "") -> 45 | I30: =IFERROR(INDIRECT("'" & SUBSTITUTE($H$1,"'","''") & "'!C98"), "") -> 63 | J30: =IFERROR(INDIRECT("'" & SUBSTITUTE($J$1,"'","''") & "'!B98"), "") -> 63.31 | K30: =IFERROR(INDIRECT("'" & SUBSTITUTE($J$1,"'","''") & "'!C98"), "") -> 86 | L30: =IFERROR(INDIRECT("'" & SUBSTITUTE($L$1,"'","''") & "'!B98"), "") -> 58.99 | M30: =IFERROR(INDIRECT("'" & SUBSTITUTE($L$1,"'","''") & "'!C98"), "") -> 86 | N30: =IFERROR(INDIRECT("'" & SUBSTITUTE($N$1,"'","''") & "'!B98"), "") -> 38.24 | O30: =IFERROR(INDIRECT("'" & SUBSTITUTE($N$1,"'","''") & "'!C98"), "") -> 55 | P30: =IFERROR(INDIRECT("'" & SUBSTITUTE($P$1,"'","''") & "'!B98"), "") -> 29.84 | Q30: =IFERROR(INDIRECT("'" & SUBSTITUTE($P$1,"'","''") & "'!C98"), "") -> 27 | R30: =IFERROR(INDIRECT("'" & SUBSTITUTE($R$1,"'","''") & "'!B98"), "") -> 42.98 | S30: =IFERROR(INDIRECT("'" & SUBSTITUTE($R$1,"'","''") & "'!C98"), "") -> 67 | T30: =IFERROR(INDIRECT("'" & SUBSTITUTE($T$1,"'","''") & "'!B98"), "") -> 51.57 | U30: =IFERROR(INDIRECT("'" & SUBSTITUTE($T$1,"'","''") & "'!C98"), "") -> 81 | V30: =IFERROR(INDIRECT("'" & SUBSTITUTE($V$1,"'","''") & "'!B98"), "") -> 42.09 | W30: =IFERROR(INDIRECT("'" & SUBSTITUTE($V$1,"'","''") & "'!C98"), "") -> 61 | X30: =IFERROR(INDIRECT("'" & SUBSTITUTE($X$1,"'","''") & "'!B98"), "") -> 32.72 | Y30: =IFERROR(INDIRECT("'" & SUBSTITUTE($X$1,"'","''") & "'!C98"), "") -> 45
A31: Passes Attempted | B31: =IFERROR(INDIRECT("'" & SUBSTITUTE($B$1,"'","''") & "'!B101"), "") -> 18.87 | C31: =IFERROR(INDIRECT("'" & SUBSTITUTE($B$1,"'","''") & "'!C101"), "") -> 1 | D31: =IFERROR(INDIRECT("'" & SUBSTITUTE($D$1,"'","''") & "'!B101"), "") -> 51.6 | E31: =IFERROR(INDIRECT("'" & SUBSTITUTE($D$1,"'","''") & "'!C101"), "") -> 59 | F31: =IFERROR(INDIRECT("'" & SUBSTITUTE($F$1,"'","''") & "'!B101"), "") -> 35.21 | G31: =IFERROR(INDIRECT("'" & SUBSTITUTE($F$1,"'","''") & "'!C101"), "") -> 10 | H31: =IFERROR(INDIRECT("'" & SUBSTITUTE($H$1,"'","''") & "'!B101"), "") -> 48.81 | I31: =IFERROR(INDIRECT("'" & SUBSTITUTE($H$1,"'","''") & "'!C101"), "") -> 49 | J31: =IFERROR(INDIRECT("'" & SUBSTITUTE($J$1,"'","''") & "'!B101"), "") -> 70.74 | K31: =IFERROR(INDIRECT("'" & SUBSTITUTE($J$1,"'","''") & "'!C101"), "") -> 87 | L31: =IFERROR(INDIRECT("'" & SUBSTITUTE($L$1,"'","''") & "'!B101"), "") -> 70.34 | M31: =IFERROR(INDIRECT("'" & SUBSTITUTE($L$1,"'","''") & "'!C101"), "") -> 88 | N31: =IFERROR(INDIRECT("'" & SUBSTITUTE($N$1,"'","''") & "'!B101"), "") -> 44.58 | O31: =IFERROR(INDIRECT("'" & SUBSTITUTE($N$1,"'","''") & "'!C101"), "") -> 48 | P31: =IFERROR(INDIRECT("'" & SUBSTITUTE($P$1,"'","''") & "'!B101"), "") -> 37.5 | Q31: =IFERROR(INDIRECT("'" & SUBSTITUTE($P$1,"'","''") & "'!C101"), "") -> 23 | R31: =IFERROR(INDIRECT("'" & SUBSTITUTE($R$1,"'","''") & "'!B101"), "") -> 53.44 | S31: =IFERROR(INDIRECT("'" & SUBSTITUTE($R$1,"'","''") & "'!C101"), "") -> 70 | T31: =IFERROR(INDIRECT("'" & SUBSTITUTE($T$1,"'","''") & "'!B101"), "") -> 62.78 | U31: =IFERROR(INDIRECT("'" & SUBSTITUTE($T$1,"'","''") & "'!C101"), "") -> 84 | V31: =IFERROR(INDIRECT("'" & SUBSTITUTE($V$1,"'","''") & "'!B101"), "") -> 50 | W31: =IFERROR(INDIRECT("'" & SUBSTITUTE($V$1,"'","''") & "'!C101"), "") -> 59 | X31: =IFERROR(INDIRECT("'" & SUBSTITUTE($X$1,"'","''") & "'!B101"), "") -> 37.94 | Y31: =IFERROR(INDIRECT("'" & SUBSTITUTE($X$1,"'","''") & "'!C101"), "") -> 31
A32: Pass Completion % | B32: =IFERROR(INDIRECT("'" & SUBSTITUTE($B$1,"'","''") & "'!B104"), "") -> 0.652 | C32: =IFERROR(INDIRECT("'" & SUBSTITUTE($B$1,"'","''") & "'!C104"), "") -> 1 | D32: =IFERROR(INDIRECT("'" & SUBSTITUTE($D$1,"'","''") & "'!B104"), "") -> 0.853 | E32: =IFERROR(INDIRECT("'" & SUBSTITUTE($D$1,"'","''") & "'!C104"), "") -> 58 | F32: =IFERROR(INDIRECT("'" & SUBSTITUTE($F$1,"'","''") & "'!B104"), "") -> 0.779 | G32: =IFERROR(INDIRECT("'" & SUBSTITUTE($F$1,"'","''") & "'!C104"), "") -> 15 | H32: =IFERROR(INDIRECT("'" & SUBSTITUTE($H$1,"'","''") & "'!B104"), "") -> 0.922 | I32: =IFERROR(INDIRECT("'" & SUBSTITUTE($H$1,"'","''") & "'!C104"), "") -> 96 | J32: =IFERROR(INDIRECT("'" & SUBSTITUTE($J$1,"'","''") & "'!B104"), "") -> 0.895 | K32: =IFERROR(INDIRECT("'" & SUBSTITUTE($J$1,"'","''") & "'!C104"), "") -> 71 | L32: =IFERROR(INDIRECT("'" & SUBSTITUTE($L$1,"'","''") & "'!B104"), "") -> 0.839 | M32: =IFERROR(INDIRECT("'" & SUBSTITUTE($L$1,"'","''") & "'!C104"), "") -> 60 | N32: =IFERROR(INDIRECT("'" & SUBSTITUTE($N$1,"'","''") & "'!B104"), "") -> 0.858 | O32: =IFERROR(INDIRECT("'" & SUBSTITUTE($N$1,"'","''") & "'!C104"), "") -> 73 | P32: =IFERROR(INDIRECT("'" & SUBSTITUTE($P$1,"'","''") & "'!B104"), "") -> 0.796 | Q32: =IFERROR(INDIRECT("'" & SUBSTITUTE($P$1,"'","''") & "'!C104"), "") -> 45 | R32: =IFERROR(INDIRECT("'" & SUBSTITUTE($R$1,"'","''") & "'!B104"), "") -> 0.804 | S32: =IFERROR(INDIRECT("'" & SUBSTITUTE($R$1,"'","''") & "'!C104"), "") -> 52 | T32: =IFERROR(INDIRECT("'" & SUBSTITUTE($T$1,"'","''") & "'!B104"), "") -> 0.821 | U32: =IFERROR(INDIRECT("'" & SUBSTITUTE($T$1,"'","''") & "'!C104"), "") -> 60 | V32: =IFERROR(INDIRECT("'" & SUBSTITUTE($V$1,"'","''") & "'!B104"), "") -> 0.842 | W32: =IFERROR(INDIRECT("'" & SUBSTITUTE($V$1,"'","''") & "'!C104"), "") -> 63 | X32: =IFERROR(INDIRECT("'" & SUBSTITUTE($X$1,"'","''") & "'!B104"), "") -> 0.863 | Y32: =IFERROR(INDIRECT("'" & SUBSTITUTE($X$1,"'","''") & "'!C104"), "") -> 83
A33: Total Passing Distance | B33: =IFERROR(INDIRECT("'" & SUBSTITUTE($B$1,"'","''") & "'!B107"), "") -> 169.48 | C33: =IFERROR(INDIRECT("'" & SUBSTITUTE($B$1,"'","''") & "'!C107"), "") -> 1 | D33: =IFERROR(INDIRECT("'" & SUBSTITUTE($D$1,"'","''") & "'!B107"), "") -> 650.86 | E33: =IFERROR(INDIRECT("'" & SUBSTITUTE($D$1,"'","''") & "'!C107"), "") -> 43 | F33: =IFERROR(INDIRECT("'" & SUBSTITUTE($F$1,"'","''") & "'!B107"), "") -> 447.28 | G33: =IFERROR(INDIRECT("'" & SUBSTITUTE($F$1,"'","''") & "'!C107"), "") -> 10 | H33: =IFERROR(INDIRECT("'" & SUBSTITUTE($H$1,"'","''") & "'!B107"), "") -> 716.32 | I33: =IFERROR(INDIRECT("'" & SUBSTITUTE($H$1,"'","''") & "'!C107"), "") -> 57 | J33: =IFERROR(INDIRECT("'" & SUBSTITUTE($J$1,"'","''") & "'!B107"), "") -> 1188.66 | K33: =IFERROR(INDIRECT("'" & SUBSTITUTE($J$1,"'","''") & "'!C107"), "") -> 86 | L33: =IFERROR(INDIRECT("'" & SUBSTITUTE($L$1,"'","''") & "'!B107"), "") -> 1116.82 | M33: =IFERROR(INDIRECT("'" & SUBSTITUTE($L$1,"'","''") & "'!C107"), "") -> 94 | N33: =IFERROR(INDIRECT("'" & SUBSTITUTE($N$1,"'","''") & "'!B107"), "") -> 617.51 | O33: =IFERROR(INDIRECT("'" & SUBSTITUTE($N$1,"'","''") & "'!C107"), "") -> 52 | P33: =IFERROR(INDIRECT("'" & SUBSTITUTE($P$1,"'","''") & "'!B107"), "") -> 548.5 | Q33: =IFERROR(INDIRECT("'" & SUBSTITUTE($P$1,"'","''") & "'!C107"), "") -> 42 | R33: =IFERROR(INDIRECT("'" & SUBSTITUTE($R$1,"'","''") & "'!B107"), "") -> 791.19 | S33: =IFERROR(INDIRECT("'" & SUBSTITUTE($R$1,"'","''") & "'!C107"), "") -> 74 | T33: =IFERROR(INDIRECT("'" & SUBSTITUTE($T$1,"'","''") & "'!B107"), "") -> 1092.46 | U33: =IFERROR(INDIRECT("'" & SUBSTITUTE($T$1,"'","''") & "'!C107"), "") -> 97 | V33: =IFERROR(INDIRECT("'" & SUBSTITUTE($V$1,"'","''") & "'!B107"), "") -> 642.75 | W33: =IFERROR(INDIRECT("'" & SUBSTITUTE($V$1,"'","''") & "'!C107"), "") -> 56 | X33: =IFERROR(INDIRECT("'" & SUBSTITUTE($X$1,"'","''") & "'!B107"), "") -> 515.63 | Y33: =IFERROR(INDIRECT("'" & SUBSTITUTE($X$1,"'","''") & "'!C107"), "") -> 42
A34: Progressive Passing Distance | B34: =IFERROR(INDIRECT("'" & SUBSTITUTE($B$1,"'","''") & "'!B110"), "") -> 49.24 | C34: =IFERROR(INDIRECT("'" & SUBSTITUTE($B$1,"'","''") & "'!C110"), "") -> 1 | D34: =IFERROR(INDIRECT("'" & SUBSTITUTE($D$1,"'","''") & "'!B110"), "") -> 159.71 | E34: =IFERROR(INDIRECT("'" & SUBSTITUTE($D$1,"'","''") & "'!C110"), "") -> 31 | F34: =IFERROR(INDIRECT("'" & SUBSTITUTE($F$1,"'","''") & "'!B110"), "") -> 99.72 | G34: =IFERROR(INDIRECT("'" & SUBSTITUTE($F$1,"'","''") & "'!C110"), "") -> 4 | H34: =IFERROR(INDIRECT("'" & SUBSTITUTE($H$1,"'","''") & "'!B110"), "") -> 201.75 | I34: =IFERROR(INDIRECT("'" & SUBSTITUTE($H$1,"'","''") & "'!C110"), "") -> 54 | J34: =IFERROR(INDIRECT("'" & SUBSTITUTE($J$1,"'","''") & "'!B110"), "") -> 429.69 | K34: =IFERROR(INDIRECT("'" & SUBSTITUTE($J$1,"'","''") & "'!C110"), "") -> 89 | L34: =IFERROR(INDIRECT("'" & SUBSTITUTE($L$1,"'","''") & "'!B110"), "") -> 309.92 | M34: =IFERROR(INDIRECT("'" & SUBSTITUTE($L$1,"'","''") & "'!C110"), "") -> 92 | N34: =IFERROR(INDIRECT("'" & SUBSTITUTE($N$1,"'","''") & "'!B110"), "") -> 161.96 | O34: =IFERROR(INDIRECT("'" & SUBSTITUTE($N$1,"'","''") & "'!C110"), "") -> 44 | P34: =IFERROR(INDIRECT("'" & SUBSTITUTE($P$1,"'","''") & "'!B110"), "") -> 107.77 | Q34: =IFERROR(INDIRECT("'" & SUBSTITUTE($P$1,"'","''") & "'!C110"), "") -> 14 | R34: =IFERROR(INDIRECT("'" & SUBSTITUTE($R$1,"'","''") & "'!B110"), "") -> 208.52 | S34: =IFERROR(INDIRECT("'" & SUBSTITUTE($R$1,"'","''") & "'!C110"), "") -> 76 | T34: =IFERROR(INDIRECT("'" & SUBSTITUTE($T$1,"'","''") & "'!B110"), "") -> 299.27 | U34: =IFERROR(INDIRECT("'" & SUBSTITUTE($T$1,"'","''") & "'!C110"), "") -> 93 | V34: =IFERROR(INDIRECT("'" & SUBSTITUTE($V$1,"'","''") & "'!B110"), "") -> 149.45 | W34: =IFERROR(INDIRECT("'" & SUBSTITUTE($V$1,"'","''") & "'!C110"), "") -> 35 | X34: =IFERROR(INDIRECT("'" & SUBSTITUTE($X$1,"'","''") & "'!B110"), "") -> 101.49 | Y34: =IFERROR(INDIRECT("'" & SUBSTITUTE($X$1,"'","''") & "'!C110"), "") -> 19
A35: Passes Completed (Short) | B35: =IFERROR(INDIRECT("'" & SUBSTITUTE($B$1,"'","''") & "'!B114"), "") -> 6.98 | C35: =IFERROR(INDIRECT("'" & SUBSTITUTE($B$1,"'","''") & "'!C114"), "") -> 1 | D35: =IFERROR(INDIRECT("'" & SUBSTITUTE($D$1,"'","''") & "'!B114"), "") -> 24.89 | E35: =IFERROR(INDIRECT("'" & SUBSTITUTE($D$1,"'","''") & "'!C114"), "") -> 77 | F35: =IFERROR(INDIRECT("'" & SUBSTITUTE($F$1,"'","''") & "'!B114"), "") -> 14.47 | G35: =IFERROR(INDIRECT("'" & SUBSTITUTE($F$1,"'","''") & "'!C114"), "") -> 19 | H35: =IFERROR(INDIRECT("'" & SUBSTITUTE($H$1,"'","''") & "'!B114"), "") -> 23.12 | I35: =IFERROR(INDIRECT("'" & SUBSTITUTE($H$1,"'","''") & "'!C114"), "") -> 70 | J35: =IFERROR(INDIRECT("'" & SUBSTITUTE($J$1,"'","''") & "'!B114"), "") -> 22.66 | K35: =IFERROR(INDIRECT("'" & SUBSTITUTE($J$1,"'","''") & "'!C114"), "") -> 77 | L35: =IFERROR(INDIRECT("'" & SUBSTITUTE($L$1,"'","''") & "'!B114"), "") -> 22.76 | M35: =IFERROR(INDIRECT("'" & SUBSTITUTE($L$1,"'","''") & "'!C114"), "") -> 64 | N35: =IFERROR(INDIRECT("'" & SUBSTITUTE($N$1,"'","''") & "'!B114"), "") -> 19.83 | O35: =IFERROR(INDIRECT("'" & SUBSTITUTE($N$1,"'","''") & "'!C114"), "") -> 52 | P35: =IFERROR(INDIRECT("'" & SUBSTITUTE($P$1,"'","''") & "'!B114"), "") -> 14.12 | Q35: =IFERROR(INDIRECT("'" & SUBSTITUTE($P$1,"'","''") & "'!C114"), "") -> 15 | R35: =IFERROR(INDIRECT("'" & SUBSTITUTE($R$1,"'","''") & "'!B114"), "") -> 16.33 | S35: =IFERROR(INDIRECT("'" & SUBSTITUTE($R$1,"'","''") & "'!C114"), "") -> 40 | T35: =IFERROR(INDIRECT("'" & SUBSTITUTE($T$1,"'","''") & "'!B114"), "") -> 17.23 | U35: =IFERROR(INDIRECT("'" & SUBSTITUTE($T$1,"'","''") & "'!C114"), "") -> 46 | V35: =IFERROR(INDIRECT("'" & SUBSTITUTE($V$1,"'","''") & "'!B114"), "") -> 22.75 | W35: =IFERROR(INDIRECT("'" & SUBSTITUTE($V$1,"'","''") & "'!C114"), "") -> 63 | X35: =IFERROR(INDIRECT("'" & SUBSTITUTE($X$1,"'","''") & "'!B114"), "") -> 15.14 | Y35: =IFERROR(INDIRECT("'" & SUBSTITUTE($X$1,"'","''") & "'!C114"), "") -> 38
A36: Passes Attempted (Short) | B36: =IFERROR(INDIRECT("'" & SUBSTITUTE($B$1,"'","''") & "'!B117"), "") -> 9.97 | C36: =IFERROR(INDIRECT("'" & SUBSTITUTE($B$1,"'","''") & "'!C117"), "") -> 1 | D36: =IFERROR(INDIRECT("'" & SUBSTITUTE($D$1,"'","''") & "'!B117"), "") -> 27.25 | E36: =IFERROR(INDIRECT("'" & SUBSTITUTE($D$1,"'","''") & "'!C117"), "") -> 78 | F36: =IFERROR(INDIRECT("'" & SUBSTITUTE($F$1,"'","''") & "'!B117"), "") -> 16.45 | G36: =IFERROR(INDIRECT("'" & SUBSTITUTE($F$1,"'","''") & "'!C117"), "") -> 17 | H36: =IFERROR(INDIRECT("'" & SUBSTITUTE($H$1,"'","''") & "'!B117"), "") -> 24.34 | I36: =IFERROR(INDIRECT("'" & SUBSTITUTE($H$1,"'","''") & "'!C117"), "") -> 65 | J36: =IFERROR(INDIRECT("'" & SUBSTITUTE($J$1,"'","''") & "'!B117"), "") -> 24.14 | K36: =IFERROR(INDIRECT("'" & SUBSTITUTE($J$1,"'","''") & "'!C117"), "") -> 77 | L36: =IFERROR(INDIRECT("'" & SUBSTITUTE($L$1,"'","''") & "'!B117"), "") -> 24.38 | M36: =IFERROR(INDIRECT("'" & SUBSTITUTE($L$1,"'","''") & "'!C117"), "") -> 62 | N36: =IFERROR(INDIRECT("'" & SUBSTITUTE($N$1,"'","''") & "'!B117"), "") -> 21.77 | O36: =IFERROR(INDIRECT("'" & SUBSTITUTE($N$1,"'","''") & "'!C117"), "") -> 51 | P36: =IFERROR(INDIRECT("'" & SUBSTITUTE($P$1,"'","''") & "'!B117"), "") -> 16.45 | Q36: =IFERROR(INDIRECT("'" & SUBSTITUTE($P$1,"'","''") & "'!C117"), "") -> 15 | R36: =IFERROR(INDIRECT("'" & SUBSTITUTE($R$1,"'","''") & "'!B117"), "") -> 18.3 | S36: =IFERROR(INDIRECT("'" & SUBSTITUTE($R$1,"'","''") & "'!C117"), "") -> 33 | T36: =IFERROR(INDIRECT("'" & SUBSTITUTE($T$1,"'","''") & "'!B117"), "") -> 18.93 | U36: =IFERROR(INDIRECT("'" & SUBSTITUTE($T$1,"'","''") & "'!C117"), "") -> 40 | V36: =IFERROR(INDIRECT("'" & SUBSTITUTE($V$1,"'","''") & "'!B117"), "") -> 25.71 | W36: =IFERROR(INDIRECT("'" & SUBSTITUTE($V$1,"'","''") & "'!C117"), "") -> 64 | X36: =IFERROR(INDIRECT("'" & SUBSTITUTE($X$1,"'","''") & "'!B117"), "") -> 17.4 | Y36: =IFERROR(INDIRECT("'" & SUBSTITUTE($X$1,"'","''") & "'!C117"), "") -> 36
A37: Pass Completion % (Short) | B37: =IFERROR(INDIRECT("'" & SUBSTITUTE($B$1,"'","''") & "'!B120"), "") -> 0.7 | C37: =IFERROR(INDIRECT("'" & SUBSTITUTE($B$1,"'","''") & "'!C120"), "") -> 1 | D37: =IFERROR(INDIRECT("'" & SUBSTITUTE($D$1,"'","''") & "'!B120"), "") -> 0.913 | E37: =IFERROR(INDIRECT("'" & SUBSTITUTE($D$1,"'","''") & "'!C120"), "") -> 63 | F37: =IFERROR(INDIRECT("'" & SUBSTITUTE($F$1,"'","''") & "'!B120"), "") -> 0.879 | G37: =IFERROR(INDIRECT("'" & SUBSTITUTE($F$1,"'","''") & "'!C120"), "") -> 28 | H37: =IFERROR(INDIRECT("'" & SUBSTITUTE($H$1,"'","''") & "'!B120"), "") -> 0.95 | I37: =IFERROR(INDIRECT("'" & SUBSTITUTE($H$1,"'","''") & "'!C120"), "") -> 95 | J37: =IFERROR(INDIRECT("'" & SUBSTITUTE($J$1,"'","''") & "'!B120"), "") -> 0.938 | K37: =IFERROR(INDIRECT("'" & SUBSTITUTE($J$1,"'","''") & "'!C120"), "") -> 62 | L37: =IFERROR(INDIRECT("'" & SUBSTITUTE($L$1,"'","''") & "'!B120"), "") -> 0.934 | M37: =IFERROR(INDIRECT("'" & SUBSTITUTE($L$1,"'","''") & "'!C120"), "") -> 86 | N37: =IFERROR(INDIRECT("'" & SUBSTITUTE($N$1,"'","''") & "'!B120"), "") -> 0.911 | O37: =IFERROR(INDIRECT("'" & SUBSTITUTE($N$1,"'","''") & "'!C120"), "") -> 73 | P37: =IFERROR(INDIRECT("'" & SUBSTITUTE($P$1,"'","''") & "'!B120"), "") -> 0.858 | Q37: =IFERROR(INDIRECT("'" & SUBSTITUTE($P$1,"'","''") & "'!C120"), "") -> 30 | R37: =IFERROR(INDIRECT("'" & SUBSTITUTE($R$1,"'","''") & "'!B120"), "") -> 0.892 | S37: =IFERROR(INDIRECT("'" & SUBSTITUTE($R$1,"'","''") & "'!C120"), "") -> 60 | T37: =IFERROR(INDIRECT("'" & SUBSTITUTE($T$1,"'","''") & "'!B120"), "") -> 0.91 | U37: =IFERROR(INDIRECT("'" & SUBSTITUTE($T$1,"'","''") & "'!C120"), "") -> 78 | V37: =IFERROR(INDIRECT("'" & SUBSTITUTE($V$1,"'","''") & "'!B120"), "") -> 0.885 | W37: =IFERROR(INDIRECT("'" & SUBSTITUTE($V$1,"'","''") & "'!C120"), "") -> 41 | X37: =IFERROR(INDIRECT("'" & SUBSTITUTE($X$1,"'","''") & "'!B120"), "") -> 0.87 | Y37: =IFERROR(INDIRECT("'" & SUBSTITUTE($X$1,"'","''") & "'!C120"), "") -> 48
A38: Passes Completed (Medium) | B38: =IFERROR(INDIRECT("'" & SUBSTITUTE($B$1,"'","''") & "'!B124"), "") -> 3.99 | C38: =IFERROR(INDIRECT("'" & SUBSTITUTE($B$1,"'","''") & "'!C124"), "") -> 1 | D38: =IFERROR(INDIRECT("'" & SUBSTITUTE($D$1,"'","''") & "'!B124"), "") -> 14.44 | E38: =IFERROR(INDIRECT("'" & SUBSTITUTE($D$1,"'","''") & "'!C124"), "") -> 33 | F38: =IFERROR(INDIRECT("'" & SUBSTITUTE($F$1,"'","''") & "'!B124"), "") -> 9.66 | G38: =IFERROR(INDIRECT("'" & SUBSTITUTE($F$1,"'","''") & "'!C124"), "") -> 7 | H38: =IFERROR(INDIRECT("'" & SUBSTITUTE($H$1,"'","''") & "'!B124"), "") -> 17.53 | I38: =IFERROR(INDIRECT("'" & SUBSTITUTE($H$1,"'","''") & "'!C124"), "") -> 55 | J38: =IFERROR(INDIRECT("'" & SUBSTITUTE($J$1,"'","''") & "'!B124"), "") -> 35 | K38: =IFERROR(INDIRECT("'" & SUBSTITUTE($J$1,"'","''") & "'!C124"), "") -> 87 | L38: =IFERROR(INDIRECT("'" & SUBSTITUTE($L$1,"'","''") & "'!B124"), "") -> 26.59 | M38: =IFERROR(INDIRECT("'" & SUBSTITUTE($L$1,"'","''") & "'!C124"), "") -> 93 | N38: =IFERROR(INDIRECT("'" & SUBSTITUTE($N$1,"'","''") & "'!B124"), "") -> 14.71 | O38: =IFERROR(INDIRECT("'" & SUBSTITUTE($N$1,"'","''") & "'!C124"), "") -> 54 | P38: =IFERROR(INDIRECT("'" & SUBSTITUTE($P$1,"'","''") & "'!B124"), "") -> 10.58 | Q38: =IFERROR(INDIRECT("'" & SUBSTITUTE($P$1,"'","''") & "'!C124"), "") -> 27 | R38: =IFERROR(INDIRECT("'" & SUBSTITUTE($R$1,"'","''") & "'!B124"), "") -> 20.83 | S38: =IFERROR(INDIRECT("'" & SUBSTITUTE($R$1,"'","''") & "'!C124"), "") -> 87 | T38: =IFERROR(INDIRECT("'" & SUBSTITUTE($T$1,"'","''") & "'!B124"), "") -> 24.56 | U38: =IFERROR(INDIRECT("'" & SUBSTITUTE($T$1,"'","''") & "'!C124"), "") -> 93 | V38: =IFERROR(INDIRECT("'" & SUBSTITUTE($V$1,"'","''") & "'!B124"), "") -> 15.16 | W38: =IFERROR(INDIRECT("'" & SUBSTITUTE($V$1,"'","''") & "'!C124"), "") -> 57 | X38: =IFERROR(INDIRECT("'" & SUBSTITUTE($X$1,"'","''") & "'!B124"), "") -> 13.89 | Y38: =IFERROR(INDIRECT("'" & SUBSTITUTE($X$1,"'","''") & "'!C124"), "") -> 53
A39: Passes Attempted (Medium) | B39: =IFERROR(INDIRECT("'" & SUBSTITUTE($B$1,"'","''") & "'!B127"), "") -> 5.55 | C39: =IFERROR(INDIRECT("'" & SUBSTITUTE($B$1,"'","''") & "'!C127"), "") -> 1 | D39: =IFERROR(INDIRECT("'" & SUBSTITUTE($D$1,"'","''") & "'!B127"), "") -> 16.66 | E39: =IFERROR(INDIRECT("'" & SUBSTITUTE($D$1,"'","''") & "'!C127"), "") -> 30 | F39: =IFERROR(INDIRECT("'" & SUBSTITUTE($F$1,"'","''") & "'!B127"), "") -> 12.12 | G39: =IFERROR(INDIRECT("'" & SUBSTITUTE($F$1,"'","''") & "'!C127"), "") -> 8 | H39: =IFERROR(INDIRECT("'" & SUBSTITUTE($H$1,"'","''") & "'!B127"), "") -> 18.55 | I39: =IFERROR(INDIRECT("'" & SUBSTITUTE($H$1,"'","''") & "'!C127"), "") -> 46 | J39: =IFERROR(INDIRECT("'" & SUBSTITUTE($J$1,"'","''") & "'!B127"), "") -> 37.03 | K39: =IFERROR(INDIRECT("'" & SUBSTITUTE($J$1,"'","''") & "'!C127"), "") -> 88 | L39: =IFERROR(INDIRECT("'" & SUBSTITUTE($L$1,"'","''") & "'!B127"), "") -> 29.39 | M39: =IFERROR(INDIRECT("'" & SUBSTITUTE($L$1,"'","''") & "'!C127"), "") -> 93 | N39: =IFERROR(INDIRECT("'" & SUBSTITUTE($N$1,"'","''") & "'!B127"), "") -> 16.68 | O39: =IFERROR(INDIRECT("'" & SUBSTITUTE($N$1,"'","''") & "'!C127"), "") -> 50 | P39: =IFERROR(INDIRECT("'" & SUBSTITUTE($P$1,"'","''") & "'!B127"), "") -> 12.37 | Q39: =IFERROR(INDIRECT("'" & SUBSTITUTE($P$1,"'","''") & "'!C127"), "") -> 25 | R39: =IFERROR(INDIRECT("'" & SUBSTITUTE($R$1,"'","''") & "'!B127"), "") -> 24.27 | S39: =IFERROR(INDIRECT("'" & SUBSTITUTE($R$1,"'","''") & "'!C127"), "") -> 89 | T39: =IFERROR(INDIRECT("'" & SUBSTITUTE($T$1,"'","''") & "'!B127"), "") -> 27.61 | U39: =IFERROR(INDIRECT("'" & SUBSTITUTE($T$1,"'","''") & "'!C127"), "") -> 95 | V39: =IFERROR(INDIRECT("'" & SUBSTITUTE($V$1,"'","''") & "'!B127"), "") -> 17.36 | W39: =IFERROR(INDIRECT("'" & SUBSTITUTE($V$1,"'","''") & "'!C127"), "") -> 58 | X39: =IFERROR(INDIRECT("'" & SUBSTITUTE($X$1,"'","''") & "'!B127"), "") -> 15.14 | Y39: =IFERROR(INDIRECT("'" & SUBSTITUTE($X$1,"'","''") & "'!C127"), "") -> 46
A40: Pass Completion % (Medium) | B40: =IFERROR(INDIRECT("'" & SUBSTITUTE($B$1,"'","''") & "'!B130"), "") -> 0.719 | C40: =IFERROR(INDIRECT("'" & SUBSTITUTE($B$1,"'","''") & "'!C130"), "") -> 1 | D40: =IFERROR(INDIRECT("'" & SUBSTITUTE($D$1,"'","''") & "'!B130"), "") -> 0.867 | E40: =IFERROR(INDIRECT("'" & SUBSTITUTE($D$1,"'","''") & "'!C130"), "") -> 39 | F40: =IFERROR(INDIRECT("'" & SUBSTITUTE($F$1,"'","''") & "'!B130"), "") -> 0.797 | G40: =IFERROR(INDIRECT("'" & SUBSTITUTE($F$1,"'","''") & "'!C130"), "") -> 7 | H40: =IFERROR(INDIRECT("'" & SUBSTITUTE($H$1,"'","''") & "'!B130"), "") -> 0.945 | I40: =IFERROR(INDIRECT("'" & SUBSTITUTE($H$1,"'","''") & "'!C130"), "") -> 96 | J40: =IFERROR(INDIRECT("'" & SUBSTITUTE($J$1,"'","''") & "'!B130"), "") -> 0.945 | K40: =IFERROR(INDIRECT("'" & SUBSTITUTE($J$1,"'","''") & "'!C130"), "") -> 72 | L40: =IFERROR(INDIRECT("'" & SUBSTITUTE($L$1,"'","''") & "'!B130"), "") -> 0.905 | M40: =IFERROR(INDIRECT("'" & SUBSTITUTE($L$1,"'","''") & "'!C130"), "") -> 82 | N40: =IFERROR(INDIRECT("'" & SUBSTITUTE($N$1,"'","''") & "'!B130"), "") -> 0.882 | O40: =IFERROR(INDIRECT("'" & SUBSTITUTE($N$1,"'","''") & "'!C130"), "") -> 66 | P40: =IFERROR(INDIRECT("'" & SUBSTITUTE($P$1,"'","''") & "'!B130"), "") -> 0.855 | Q40: =IFERROR(INDIRECT("'" & SUBSTITUTE($P$1,"'","''") & "'!C130"), "") -> 51 | R40: =IFERROR(INDIRECT("'" & SUBSTITUTE($R$1,"'","''") & "'!B130"), "") -> 0.858 | S40: =IFERROR(INDIRECT("'" & SUBSTITUTE($R$1,"'","''") & "'!C130"), "") -> 54 | T40: =IFERROR(INDIRECT("'" & SUBSTITUTE($T$1,"'","''") & "'!B130"), "") -> 0.89 | U40: =IFERROR(INDIRECT("'" & SUBSTITUTE($T$1,"'","''") & "'!C130"), "") -> 78 | V40: =IFERROR(INDIRECT("'" & SUBSTITUTE($V$1,"'","''") & "'!B130"), "") -> 0.873 | W40: =IFERROR(INDIRECT("'" & SUBSTITUTE($V$1,"'","''") & "'!C130"), "") -> 59 | X40: =IFERROR(INDIRECT("'" & SUBSTITUTE($X$1,"'","''") & "'!B130"), "") -> 0.918 | Y40: =IFERROR(INDIRECT("'" & SUBSTITUTE($X$1,"'","''") & "'!C130"), "") -> 91
A41: Passes Completed (Long) | B41: =IFERROR(INDIRECT("'" & SUBSTITUTE($B$1,"'","''") & "'!B134"), "") -> 0.49 | C41: =IFERROR(INDIRECT("'" & SUBSTITUTE($B$1,"'","''") & "'!C134"), "") -> 1 | D41: =IFERROR(INDIRECT("'" & SUBSTITUTE($D$1,"'","''") & "'!B134"), "") -> 2.45 | E41: =IFERROR(INDIRECT("'" & SUBSTITUTE($D$1,"'","''") & "'!C134"), "") -> 31 | F41: =IFERROR(INDIRECT("'" & SUBSTITUTE($F$1,"'","''") & "'!B134"), "") -> 2.4 | G41: =IFERROR(INDIRECT("'" & SUBSTITUTE($F$1,"'","''") & "'!C134"), "") -> 30 | H41: =IFERROR(INDIRECT("'" & SUBSTITUTE($H$1,"'","''") & "'!B134"), "") -> 2.88 | I41: =IFERROR(INDIRECT("'" & SUBSTITUTE($H$1,"'","''") & "'!C134"), "") -> 42 | J41: =IFERROR(INDIRECT("'" & SUBSTITUTE($J$1,"'","''") & "'!B134"), "") -> 5.2 | K41: =IFERROR(INDIRECT("'" & SUBSTITUTE($J$1,"'","''") & "'!C134"), "") -> 75 | L41: =IFERROR(INDIRECT("'" & SUBSTITUTE($L$1,"'","''") & "'!B134"), "") -> 7.81 | M41: =IFERROR(INDIRECT("'" & SUBSTITUTE($L$1,"'","''") & "'!C134"), "") -> 98 | N41: =IFERROR(INDIRECT("'" & SUBSTITUTE($N$1,"'","''") & "'!B134"), "") -> 2.79 | O41: =IFERROR(INDIRECT("'" & SUBSTITUTE($N$1,"'","''") & "'!C134"), "") -> 55 | P41: =IFERROR(INDIRECT("'" & SUBSTITUTE($P$1,"'","''") & "'!B134"), "") -> 4.34 | Q41: =IFERROR(INDIRECT("'" & SUBSTITUTE($P$1,"'","''") & "'!C134"), "") -> 81 | R41: =IFERROR(INDIRECT("'" & SUBSTITUTE($R$1,"'","''") & "'!B134"), "") -> 4.6 | S41: =IFERROR(INDIRECT("'" & SUBSTITUTE($R$1,"'","''") & "'!C134"), "") -> 82 | T41: =IFERROR(INDIRECT("'" & SUBSTITUTE($T$1,"'","''") & "'!B134"), "") -> 9.3 | U41: =IFERROR(INDIRECT("'" & SUBSTITUTE($T$1,"'","''") & "'!C134"), "") -> 98 | V41: =IFERROR(INDIRECT("'" & SUBSTITUTE($V$1,"'","''") & "'!B134"), "") -> 2.53 | W41: =IFERROR(INDIRECT("'" & SUBSTITUTE($V$1,"'","''") & "'!C134"), "") -> 47 | X41: =IFERROR(INDIRECT("'" & SUBSTITUTE($X$1,"'","''") & "'!B134"), "") -> 2.08 | Y41: =IFERROR(INDIRECT("'" & SUBSTITUTE($X$1,"'","''") & "'!C134"), "") -> 33
A42: Passes Attempted (Long) | B42: =IFERROR(INDIRECT("'" & SUBSTITUTE($B$1,"'","''") & "'!B137"), "") -> 1.1 | C42: =IFERROR(INDIRECT("'" & SUBSTITUTE($B$1,"'","''") & "'!C137"), "") -> 1 | D42: =IFERROR(INDIRECT("'" & SUBSTITUTE($D$1,"'","''") & "'!B137"), "") -> 4.03 | E42: =IFERROR(INDIRECT("'" & SUBSTITUTE($D$1,"'","''") & "'!C137"), "") -> 34 | F42: =IFERROR(INDIRECT("'" & SUBSTITUTE($F$1,"'","''") & "'!B137"), "") -> 4.49 | G42: =IFERROR(INDIRECT("'" & SUBSTITUTE($F$1,"'","''") & "'!C137"), "") -> 41 | H42: =IFERROR(INDIRECT("'" & SUBSTITUTE($H$1,"'","''") & "'!B137"), "") -> 3.65 | I42: =IFERROR(INDIRECT("'" & SUBSTITUTE($H$1,"'","''") & "'!C137"), "") -> 28 | J42: =IFERROR(INDIRECT("'" & SUBSTITUTE($J$1,"'","''") & "'!B137"), "") -> 8.37 | K42: =IFERROR(INDIRECT("'" & SUBSTITUTE($J$1,"'","''") & "'!C137"), "") -> 73 | L42: =IFERROR(INDIRECT("'" & SUBSTITUTE($L$1,"'","''") & "'!B137"), "") -> 13.11 | M42: =IFERROR(INDIRECT("'" & SUBSTITUTE($L$1,"'","''") & "'!C137"), "") -> 99 | N42: =IFERROR(INDIRECT("'" & SUBSTITUTE($N$1,"'","''") & "'!B137"), "") -> 4.43 | O42: =IFERROR(INDIRECT("'" & SUBSTITUTE($N$1,"'","''") & "'!C137"), "") -> 46 | P42: =IFERROR(INDIRECT("'" & SUBSTITUTE($P$1,"'","''") & "'!B137"), "") -> 6.31 | Q42: =IFERROR(INDIRECT("'" & SUBSTITUTE($P$1,"'","''") & "'!C137"), "") -> 73 | R42: =IFERROR(INDIRECT("'" & SUBSTITUTE($R$1,"'","''") & "'!B137"), "") -> 7.43 | S42: =IFERROR(INDIRECT("'" & SUBSTITUTE($R$1,"'","''") & "'!C137"), "") -> 79 | T42: =IFERROR(INDIRECT("'" & SUBSTITUTE($T$1,"'","''") & "'!B137"), "") -> 14.13 | U42: =IFERROR(INDIRECT("'" & SUBSTITUTE($T$1,"'","''") & "'!C137"), "") -> 99 | V42: =IFERROR(INDIRECT("'" & SUBSTITUTE($V$1,"'","''") & "'!B137"), "") -> 3.74 | W42: =IFERROR(INDIRECT("'" & SUBSTITUTE($V$1,"'","''") & "'!C137"), "") -> 38 | X42: =IFERROR(INDIRECT("'" & SUBSTITUTE($X$1,"'","''") & "'!B137"), "") -> 2.63 | Y42: =IFERROR(INDIRECT("'" & SUBSTITUTE($X$1,"'","''") & "'!C137"), "") -> 17
A43: Pass Completion % (Long) | B43: =IFERROR(INDIRECT("'" & SUBSTITUTE($B$1,"'","''") & "'!B140"), "") -> 0.441 | C43: =IFERROR(INDIRECT("'" & SUBSTITUTE($B$1,"'","''") & "'!C140"), "") -> 2 | D43: =IFERROR(INDIRECT("'" & SUBSTITUTE($D$1,"'","''") & "'!B140"), "") -> 0.609 | E43: =IFERROR(INDIRECT("'" & SUBSTITUTE($D$1,"'","''") & "'!C140"), "") -> 41 | F43: =IFERROR(INDIRECT("'" & SUBSTITUTE($F$1,"'","''") & "'!B140"), "") -> 0.535 | G43: =IFERROR(INDIRECT("'" & SUBSTITUTE($F$1,"'","''") & "'!C140"), "") -> 18 | H43: =IFERROR(INDIRECT("'" & SUBSTITUTE($H$1,"'","''") & "'!B140"), "") -> 0.789 | I43: =IFERROR(INDIRECT("'" & SUBSTITUTE($H$1,"'","''") & "'!C140"), "") -> 93 | J43: =IFERROR(INDIRECT("'" & SUBSTITUTE($J$1,"'","''") & "'!B140"), "") -> 0.621 | K43: =IFERROR(INDIRECT("'" & SUBSTITUTE($J$1,"'","''") & "'!C140"), "") -> 61 | L43: =IFERROR(INDIRECT("'" & SUBSTITUTE($L$1,"'","''") & "'!B140"), "") -> 0.596 | M43: =IFERROR(INDIRECT("'" & SUBSTITUTE($L$1,"'","''") & "'!C140"), "") -> 52 | N43: =IFERROR(INDIRECT("'" & SUBSTITUTE($N$1,"'","''") & "'!B140"), "") -> 0.63 | O43: =IFERROR(INDIRECT("'" & SUBSTITUTE($N$1,"'","''") & "'!C140"), "") -> 64 | P43: =IFERROR(INDIRECT("'" & SUBSTITUTE($P$1,"'","''") & "'!B140"), "") -> 0.688 | Q43: =IFERROR(INDIRECT("'" & SUBSTITUTE($P$1,"'","''") & "'!C140"), "") -> 72 | R43: =IFERROR(INDIRECT("'" & SUBSTITUTE($R$1,"'","''") & "'!B140"), "") -> 0.619 | S43: =IFERROR(INDIRECT("'" & SUBSTITUTE($R$1,"'","''") & "'!C140"), "") -> 55 | T43: =IFERROR(INDIRECT("'" & SUBSTITUTE($T$1,"'","''") & "'!B140"), "") -> 0.658 | U43: =IFERROR(INDIRECT("'" & SUBSTITUTE($T$1,"'","''") & "'!C140"), "") -> 65 | V43: =IFERROR(INDIRECT("'" & SUBSTITUTE($V$1,"'","''") & "'!B140"), "") -> 0.676 | W43: =IFERROR(INDIRECT("'" & SUBSTITUTE($V$1,"'","''") & "'!C140"), "") -> 77 | X43: =IFERROR(INDIRECT("'" & SUBSTITUTE($X$1,"'","''") & "'!B140"), "") -> 0.789 | Y43: =IFERROR(INDIRECT("'" & SUBSTITUTE($X$1,"'","''") & "'!C140"), "") -> 93
A44: xA: Expected Assists | B44: =IFERROR(INDIRECT("'" & SUBSTITUTE($B$1,"'","''") & "'!B149"), "") -> 0.09 | C44: =IFERROR(INDIRECT("'" & SUBSTITUTE($B$1,"'","''") & "'!C149"), "") -> 53 | D44: =IFERROR(INDIRECT("'" & SUBSTITUTE($D$1,"'","''") & "'!B149"), "") -> 0.07 | E44: =IFERROR(INDIRECT("'" & SUBSTITUTE($D$1,"'","''") & "'!C149"), "") -> 40 | F44: =IFERROR(INDIRECT("'" & SUBSTITUTE($F$1,"'","''") & "'!B149"), "") -> 0.14 | G44: =IFERROR(INDIRECT("'" & SUBSTITUTE($F$1,"'","''") & "'!C149"), "") -> 80 | H44: =IFERROR(INDIRECT("'" & SUBSTITUTE($H$1,"'","''") & "'!B149"), "") -> 0.02 | I44: =IFERROR(INDIRECT("'" & SUBSTITUTE($H$1,"'","''") & "'!C149"), "") -> 1 | J44: =IFERROR(INDIRECT("'" & SUBSTITUTE($J$1,"'","''") & "'!B149"), "") -> 0.05 | K44: =IFERROR(INDIRECT("'" & SUBSTITUTE($J$1,"'","''") & "'!C149"), "") -> 79 | L44: =IFERROR(INDIRECT("'" & SUBSTITUTE($L$1,"'","''") & "'!B149"), "") -> 0.07 | M44: =IFERROR(INDIRECT("'" & SUBSTITUTE($L$1,"'","''") & "'!C149"), "") -> 29 | N44: =IFERROR(INDIRECT("'" & SUBSTITUTE($N$1,"'","''") & "'!B149"), "") -> 0.04 | O44: =IFERROR(INDIRECT("'" & SUBSTITUTE($N$1,"'","''") & "'!C149"), "") -> 15 | P44: =IFERROR(INDIRECT("'" & SUBSTITUTE($P$1,"'","''") & "'!B149"), "") -> 0.05 | Q44: =IFERROR(INDIRECT("'" & SUBSTITUTE($P$1,"'","''") & "'!C149"), "") -> 28 | R44: =IFERROR(INDIRECT("'" & SUBSTITUTE($R$1,"'","''") & "'!B149"), "") -> 0.1 | S44: =IFERROR(INDIRECT("'" & SUBSTITUTE($R$1,"'","''") & "'!C149"), "") -> 55 | T44: =IFERROR(INDIRECT("'" & SUBSTITUTE($T$1,"'","''") & "'!B149"), "") -> 0.04 | U44: =IFERROR(INDIRECT("'" & SUBSTITUTE($T$1,"'","''") & "'!C149"), "") -> 26 | V44: =IFERROR(INDIRECT("'" & SUBSTITUTE($V$1,"'","''") & "'!B149"), "") -> 0.03 | W44: =IFERROR(INDIRECT("'" & SUBSTITUTE($V$1,"'","''") & "'!C149"), "") -> 8 | X44: =IFERROR(INDIRECT("'" & SUBSTITUTE($X$1,"'","''") & "'!B149"), "") -> 0.02 | Y44: =IFERROR(INDIRECT("'" & SUBSTITUTE($X$1,"'","''") & "'!C149"), "") -> 5
A45: Key Passes | B45: =IFERROR(INDIRECT("'" & SUBSTITUTE($B$1,"'","''") & "'!B152"), "") -> 0.84 | C45: =IFERROR(INDIRECT("'" & SUBSTITUTE($B$1,"'","''") & "'!C152"), "") -> 50 | D45: =IFERROR(INDIRECT("'" & SUBSTITUTE($D$1,"'","''") & "'!B152"), "") -> 0.7 | E45: =IFERROR(INDIRECT("'" & SUBSTITUTE($D$1,"'","''") & "'!C152"), "") -> 36 | F45: =IFERROR(INDIRECT("'" & SUBSTITUTE($F$1,"'","''") & "'!B152"), "") -> 1.25 | G45: =IFERROR(INDIRECT("'" & SUBSTITUTE($F$1,"'","''") & "'!C152"), "") -> 73 | H45: =IFERROR(INDIRECT("'" & SUBSTITUTE($H$1,"'","''") & "'!B152"), "") -> 0.51 | I45: =IFERROR(INDIRECT("'" & SUBSTITUTE($H$1,"'","''") & "'!C152"), "") -> 12 | J45: =IFERROR(INDIRECT("'" & SUBSTITUTE($J$1,"'","''") & "'!B152"), "") -> 0.37 | K45: =IFERROR(INDIRECT("'" & SUBSTITUTE($J$1,"'","''") & "'!C152"), "") -> 77 | L45: =IFERROR(INDIRECT("'" & SUBSTITUTE($L$1,"'","''") & "'!B152"), "") -> 0.59 | M45: =IFERROR(INDIRECT("'" & SUBSTITUTE($L$1,"'","''") & "'!C152"), "") -> 15 | N45: =IFERROR(INDIRECT("'" & SUBSTITUTE($N$1,"'","''") & "'!B152"), "") -> 0.61 | O45: =IFERROR(INDIRECT("'" & SUBSTITUTE($N$1,"'","''") & "'!C152"), "") -> 17 | P45: =IFERROR(INDIRECT("'" & SUBSTITUTE($P$1,"'","''") & "'!B152"), "") -> 0.99 | Q45: =IFERROR(INDIRECT("'" & SUBSTITUTE($P$1,"'","''") & "'!C152"), "") -> 51 | R45: =IFERROR(INDIRECT("'" & SUBSTITUTE($R$1,"'","''") & "'!B152"), "") -> 1.82 | S45: =IFERROR(INDIRECT("'" & SUBSTITUTE($R$1,"'","''") & "'!C152"), "") -> 90 | T45: =IFERROR(INDIRECT("'" & SUBSTITUTE($T$1,"'","''") & "'!B152"), "") -> 0.95 | U45: =IFERROR(INDIRECT("'" & SUBSTITUTE($T$1,"'","''") & "'!C152"), "") -> 50 | V45: =IFERROR(INDIRECT("'" & SUBSTITUTE($V$1,"'","''") & "'!B152"), "") -> 0.66 | W45: =IFERROR(INDIRECT("'" & SUBSTITUTE($V$1,"'","''") & "'!C152"), "") -> 22 | X45: =IFERROR(INDIRECT("'" & SUBSTITUTE($X$1,"'","''") & "'!B152"), "") -> 0.51 | Y45: =IFERROR(INDIRECT("'" & SUBSTITUTE($X$1,"'","''") & "'!C152"), "") -> 13
A46: Passes into Final Third | B46: =IFERROR(INDIRECT("'" & SUBSTITUTE($B$1,"'","''") & "'!B155"), "") -> 0.78 | C46: =IFERROR(INDIRECT("'" & SUBSTITUTE($B$1,"'","''") & "'!C155"), "") -> 1 | D46: =IFERROR(INDIRECT("'" & SUBSTITUTE($D$1,"'","''") & "'!B155"), "") -> 3.91 | E46: =IFERROR(INDIRECT("'" & SUBSTITUTE($D$1,"'","''") & "'!C155"), "") -> 43 | F46: =IFERROR(INDIRECT("'" & SUBSTITUTE($F$1,"'","''") & "'!B155"), "") -> 1.67 | G46: =IFERROR(INDIRECT("'" & SUBSTITUTE($F$1,"'","''") & "'!C155"), "") -> 2 | H46: =IFERROR(INDIRECT("'" & SUBSTITUTE($H$1,"'","''") & "'!B155"), "") -> 4.09 | I46: =IFERROR(INDIRECT("'" & SUBSTITUTE($H$1,"'","''") & "'!C155"), "") -> 49 | J46: =IFERROR(INDIRECT("'" & SUBSTITUTE($J$1,"'","''") & "'!B155"), "") -> 5.23 | K46: =IFERROR(INDIRECT("'" & SUBSTITUTE($J$1,"'","''") & "'!C155"), "") -> 86 | L46: =IFERROR(INDIRECT("'" & SUBSTITUTE($L$1,"'","''") & "'!B155"), "") -> 6.33 | M46: =IFERROR(INDIRECT("'" & SUBSTITUTE($L$1,"'","''") & "'!C155"), "") -> 91 | N46: =IFERROR(INDIRECT("'" & SUBSTITUTE($N$1,"'","''") & "'!B155"), "") -> 1.97 | O46: =IFERROR(INDIRECT("'" & SUBSTITUTE($N$1,"'","''") & "'!C155"), "") -> 16 | P46: =IFERROR(INDIRECT("'" & SUBSTITUTE($P$1,"'","''") & "'!B155"), "") -> 2.55 | Q46: =IFERROR(INDIRECT("'" & SUBSTITUTE($P$1,"'","''") & "'!C155"), "") -> 25 | R46: =IFERROR(INDIRECT("'" & SUBSTITUTE($R$1,"'","''") & "'!B155"), "") -> 5.31 | S46: =IFERROR(INDIRECT("'" & SUBSTITUTE($R$1,"'","''") & "'!C155"), "") -> 82 | T46: =IFERROR(INDIRECT("'" & SUBSTITUTE($T$1,"'","''") & "'!B155"), "") -> 6.02 | U46: =IFERROR(INDIRECT("'" & SUBSTITUTE($T$1,"'","''") & "'!C155"), "") -> 88 | V46: =IFERROR(INDIRECT("'" & SUBSTITUTE($V$1,"'","''") & "'!B155"), "") -> 3.74 | W46: =IFERROR(INDIRECT("'" & SUBSTITUTE($V$1,"'","''") & "'!C155"), "") -> 59 | X46: =IFERROR(INDIRECT("'" & SUBSTITUTE($X$1,"'","''") & "'!B155"), "") -> 2.4 | Y46: =IFERROR(INDIRECT("'" & SUBSTITUTE($X$1,"'","''") & "'!C155"), "") -> 29
A47: Passes into Penalty Area | B47: =IFERROR(INDIRECT("'" & SUBSTITUTE($B$1,"'","''") & "'!B158"), "") -> 0.26 | C47: =IFERROR(INDIRECT("'" & SUBSTITUTE($B$1,"'","''") & "'!C158"), "") -> 8 | D47: =IFERROR(INDIRECT("'" & SUBSTITUTE($D$1,"'","''") & "'!B158"), "") -> 1.06 | E47: =IFERROR(INDIRECT("'" & SUBSTITUTE($D$1,"'","''") & "'!C158"), "") -> 79 | F47: =IFERROR(INDIRECT("'" & SUBSTITUTE($F$1,"'","''") & "'!B158"), "") -> 1.36 | G47: =IFERROR(INDIRECT("'" & SUBSTITUTE($F$1,"'","''") & "'!C158"), "") -> 89 | H47: =IFERROR(INDIRECT("'" & SUBSTITUTE($H$1,"'","''") & "'!B158"), "") -> 0.22 | I47: =IFERROR(INDIRECT("'" & SUBSTITUTE($H$1,"'","''") & "'!C158"), "") -> 6 | J47: =IFERROR(INDIRECT("'" & SUBSTITUTE($J$1,"'","''") & "'!B158"), "") -> 0.43 | K47: =IFERROR(INDIRECT("'" & SUBSTITUTE($J$1,"'","''") & "'!C158"), "") -> 87 | L47: =IFERROR(INDIRECT("'" & SUBSTITUTE($L$1,"'","''") & "'!B158"), "") -> 0.52 | M47: =IFERROR(INDIRECT("'" & SUBSTITUTE($L$1,"'","''") & "'!C158"), "") -> 21 | N47: =IFERROR(INDIRECT("'" & SUBSTITUTE($N$1,"'","''") & "'!B158"), "") -> 0.24 | O47: =IFERROR(INDIRECT("'" & SUBSTITUTE($N$1,"'","''") & "'!C158"), "") -> 9 | P47: =IFERROR(INDIRECT("'" & SUBSTITUTE($P$1,"'","''") & "'!B158"), "") -> 0.69 | Q47: =IFERROR(INDIRECT("'" & SUBSTITUTE($P$1,"'","''") & "'!C158"), "") -> 40 | R47: =IFERROR(INDIRECT("'" & SUBSTITUTE($R$1,"'","''") & "'!B158"), "") -> 1.16 | S47: =IFERROR(INDIRECT("'" & SUBSTITUTE($R$1,"'","''") & "'!C158"), "") -> 70 | T47: =IFERROR(INDIRECT("'" & SUBSTITUTE($T$1,"'","''") & "'!B158"), "") -> 0.45 | U47: =IFERROR(INDIRECT("'" & SUBSTITUTE($T$1,"'","''") & "'!C158"), "") -> 27 | V47: =IFERROR(INDIRECT("'" & SUBSTITUTE($V$1,"'","''") & "'!B158"), "") -> 0.77 | W47: =IFERROR(INDIRECT("'" & SUBSTITUTE($V$1,"'","''") & "'!C158"), "") -> 40 | X47: =IFERROR(INDIRECT("'" & SUBSTITUTE($X$1,"'","''") & "'!B158"), "") -> 0.18 | Y47: =IFERROR(INDIRECT("'" & SUBSTITUTE($X$1,"'","''") & "'!C158"), "") -> 4
A48: Crosses into Penalty Area | B48: =IFERROR(INDIRECT("'" & SUBSTITUTE($B$1,"'","''") & "'!B161"), "") -> 0.16 | C48: =IFERROR(INDIRECT("'" & SUBSTITUTE($B$1,"'","''") & "'!C161"), "") -> 69 | D48: =IFERROR(INDIRECT("'" & SUBSTITUTE($D$1,"'","''") & "'!B161"), "") -> 0.18 | E48: =IFERROR(INDIRECT("'" & SUBSTITUTE($D$1,"'","''") & "'!C161"), "") -> 75 | F48: =IFERROR(INDIRECT("'" & SUBSTITUTE($F$1,"'","''") & "'!B161"), "") -> 0.42 | G48: =IFERROR(INDIRECT("'" & SUBSTITUTE($F$1,"'","''") & "'!C161"), "") -> 96 | H48: =IFERROR(INDIRECT("'" & SUBSTITUTE($H$1,"'","''") & "'!B161"), "") -> 0.03 | I48: =IFERROR(INDIRECT("'" & SUBSTITUTE($H$1,"'","''") & "'!C161"), "") -> 18 | J48: =IFERROR(INDIRECT("'" & SUBSTITUTE($J$1,"'","''") & "'!B161"), "") -> 0.09 | K48: =IFERROR(INDIRECT("'" & SUBSTITUTE($J$1,"'","''") & "'!C161"), "") -> 80 | L48: =IFERROR(INDIRECT("'" & SUBSTITUTE($L$1,"'","''") & "'!B161"), "") -> 0.15 | M48: =IFERROR(INDIRECT("'" & SUBSTITUTE($L$1,"'","''") & "'!C161"), "") -> 56 | N48: =IFERROR(INDIRECT("'" & SUBSTITUTE($N$1,"'","''") & "'!B161"), "") -> 0.09 | O48: =IFERROR(INDIRECT("'" & SUBSTITUTE($N$1,"'","''") & "'!C161"), "") -> 38 | P48: =IFERROR(INDIRECT("'" & SUBSTITUTE($P$1,"'","''") & "'!B161"), "") -> 0.26 | Q48: =IFERROR(INDIRECT("'" & SUBSTITUTE($P$1,"'","''") & "'!C161"), "") -> 73 | R48: =IFERROR(INDIRECT("'" & SUBSTITUTE($R$1,"'","''") & "'!B161"), "") -> 0.2 | S48: =IFERROR(INDIRECT("'" & SUBSTITUTE($R$1,"'","''") & "'!C161"), "") -> 69 | T48: =IFERROR(INDIRECT("'" & SUBSTITUTE($T$1,"'","''") & "'!B161"), "") -> 0.03 | U48: =IFERROR(INDIRECT("'" & SUBSTITUTE($T$1,"'","''") & "'!C161"), "") -> 24 | V48: =IFERROR(INDIRECT("'" & SUBSTITUTE($V$1,"'","''") & "'!B161"), "") -> 0.33 | W48: =IFERROR(INDIRECT("'" & SUBSTITUTE($V$1,"'","''") & "'!C161"), "") -> 82 | X48: =IFERROR(INDIRECT("'" & SUBSTITUTE($X$1,"'","''") & "'!B161"), "") -> 0 | Y48: =IFERROR(INDIRECT("'" & SUBSTITUTE($X$1,"'","''") & "'!C161"), "") -> 9
A49: Live-ball Passes | B49: =IFERROR(INDIRECT("'" & SUBSTITUTE($B$1,"'","''") & "'!B173"), "") -> 18.58 | C49: =IFERROR(INDIRECT("'" & SUBSTITUTE($B$1,"'","''") & "'!C173"), "") -> 1 | D49: =IFERROR(INDIRECT("'" & SUBSTITUTE($D$1,"'","''") & "'!B173"), "") -> 49.63 | E49: =IFERROR(INDIRECT("'" & SUBSTITUTE($D$1,"'","''") & "'!C173"), "") -> 61 | F49: =IFERROR(INDIRECT("'" & SUBSTITUTE($F$1,"'","''") & "'!B173"), "") -> 32.91 | G49: =IFERROR(INDIRECT("'" & SUBSTITUTE($F$1,"'","''") & "'!C173"), "") -> 8 | H49: =IFERROR(INDIRECT("'" & SUBSTITUTE($H$1,"'","''") & "'!B173"), "") -> 47.69 | I49: =IFERROR(INDIRECT("'" & SUBSTITUTE($H$1,"'","''") & "'!C173"), "") -> 55 | J49: =IFERROR(INDIRECT("'" & SUBSTITUTE($J$1,"'","''") & "'!B173"), "") -> 67.77 | K49: =IFERROR(INDIRECT("'" & SUBSTITUTE($J$1,"'","''") & "'!C173"), "") -> 88 | L49: =IFERROR(INDIRECT("'" & SUBSTITUTE($L$1,"'","''") & "'!B173"), "") -> 64.66 | M49: =IFERROR(INDIRECT("'" & SUBSTITUTE($L$1,"'","''") & "'!C173"), "") -> 85 | N49: =IFERROR(INDIRECT("'" & SUBSTITUTE($N$1,"'","''") & "'!B173"), "") -> 43.42 | O49: =IFERROR(INDIRECT("'" & SUBSTITUTE($N$1,"'","''") & "'!C173"), "") -> 54 | P49: =IFERROR(INDIRECT("'" & SUBSTITUTE($P$1,"'","''") & "'!B173"), "") -> 36.26 | Q49: =IFERROR(INDIRECT("'" & SUBSTITUTE($P$1,"'","''") & "'!C173"), "") -> 30 | R49: =IFERROR(INDIRECT("'" & SUBSTITUTE($R$1,"'","''") & "'!B173"), "") -> 47.33 | S49: =IFERROR(INDIRECT("'" & SUBSTITUTE($R$1,"'","''") & "'!C173"), "") -> 63 | T49: =IFERROR(INDIRECT("'" & SUBSTITUTE($T$1,"'","''") & "'!B173"), "") -> 57.98 | U49: =IFERROR(INDIRECT("'" & SUBSTITUTE($T$1,"'","''") & "'!C173"), "") -> 81 | V49: =IFERROR(INDIRECT("'" & SUBSTITUTE($V$1,"'","''") & "'!B173"), "") -> 48.79 | W49: =IFERROR(INDIRECT("'" & SUBSTITUTE($V$1,"'","''") & "'!C173"), "") -> 64 | X49: =IFERROR(INDIRECT("'" & SUBSTITUTE($X$1,"'","''") & "'!B173"), "") -> 37.15 | Y49: =IFERROR(INDIRECT("'" & SUBSTITUTE($X$1,"'","''") & "'!C173"), "") -> 34
A50: Dead-ball Passes | B50: =IFERROR(INDIRECT("'" & SUBSTITUTE($B$1,"'","''") & "'!B176"), "") -> 0.26 | C50: =IFERROR(INDIRECT("'" & SUBSTITUTE($B$1,"'","''") & "'!C176"), "") -> 1 | D50: =IFERROR(INDIRECT("'" & SUBSTITUTE($D$1,"'","''") & "'!B176"), "") -> 1.88 | E50: =IFERROR(INDIRECT("'" & SUBSTITUTE($D$1,"'","''") & "'!C176"), "") -> 50 | F50: =IFERROR(INDIRECT("'" & SUBSTITUTE($F$1,"'","''") & "'!B176"), "") -> 2.19 | G50: =IFERROR(INDIRECT("'" & SUBSTITUTE($F$1,"'","''") & "'!C176"), "") -> 57 | H50: =IFERROR(INDIRECT("'" & SUBSTITUTE($H$1,"'","''") & "'!B176"), "") -> 1.02 | I50: =IFERROR(INDIRECT("'" & SUBSTITUTE($H$1,"'","''") & "'!C176"), "") -> 22 | J50: =IFERROR(INDIRECT("'" & SUBSTITUTE($J$1,"'","''") & "'!B176"), "") -> 2.86 | K50: =IFERROR(INDIRECT("'" & SUBSTITUTE($J$1,"'","''") & "'!C176"), "") -> 49 | L50: =IFERROR(INDIRECT("'" & SUBSTITUTE($L$1,"'","''") & "'!B176"), "") -> 5.08 | M50: =IFERROR(INDIRECT("'" & SUBSTITUTE($L$1,"'","''") & "'!C176"), "") -> 85 | N50: =IFERROR(INDIRECT("'" & SUBSTITUTE($N$1,"'","''") & "'!B176"), "") -> 0.94 | O50: =IFERROR(INDIRECT("'" & SUBSTITUTE($N$1,"'","''") & "'!C176"), "") -> 24 | P50: =IFERROR(INDIRECT("'" & SUBSTITUTE($P$1,"'","''") & "'!B176"), "") -> 1.13 | Q50: =IFERROR(INDIRECT("'" & SUBSTITUTE($P$1,"'","''") & "'!C176"), "") -> 31 | R50: =IFERROR(INDIRECT("'" & SUBSTITUTE($R$1,"'","''") & "'!B176"), "") -> 5.87 | S50: =IFERROR(INDIRECT("'" & SUBSTITUTE($R$1,"'","''") & "'!C176"), "") -> 93 | T50: =IFERROR(INDIRECT("'" & SUBSTITUTE($T$1,"'","''") & "'!B176"), "") -> 4.56 | U50: =IFERROR(INDIRECT("'" & SUBSTITUTE($T$1,"'","''") & "'!C176"), "") -> 84 | V50: =IFERROR(INDIRECT("'" & SUBSTITUTE($V$1,"'","''") & "'!B176"), "") -> 1.1 | W50: =IFERROR(INDIRECT("'" & SUBSTITUTE($V$1,"'","''") & "'!C176"), "") -> 27 | X50: =IFERROR(INDIRECT("'" & SUBSTITUTE($X$1,"'","''") & "'!B176"), "") -> 0.74 | Y50: =IFERROR(INDIRECT("'" & SUBSTITUTE($X$1,"'","''") & "'!C176"), "") -> 19
A51: Passes from Free Kicks | B51: =IFERROR(INDIRECT("'" & SUBSTITUTE($B$1,"'","''") & "'!B179"), "") -> 0 | C51: =IFERROR(INDIRECT("'" & SUBSTITUTE($B$1,"'","''") & "'!C179"), "") -> 1 | D51: =IFERROR(INDIRECT("'" & SUBSTITUTE($D$1,"'","''") & "'!B179"), "") -> 0.88 | E51: =IFERROR(INDIRECT("'" & SUBSTITUTE($D$1,"'","''") & "'!C179"), "") -> 38 | F51: =IFERROR(INDIRECT("'" & SUBSTITUTE($F$1,"'","''") & "'!B179"), "") -> 0.84 | G51: =IFERROR(INDIRECT("'" & SUBSTITUTE($F$1,"'","''") & "'!C179"), "") -> 36 | H51: =IFERROR(INDIRECT("'" & SUBSTITUTE($H$1,"'","''") & "'!B179"), "") -> 0.86 | I51: =IFERROR(INDIRECT("'" & SUBSTITUTE($H$1,"'","''") & "'!C179"), "") -> 37 | J51: =IFERROR(INDIRECT("'" & SUBSTITUTE($J$1,"'","''") & "'!B179"), "") -> 1.8 | K51: =IFERROR(INDIRECT("'" & SUBSTITUTE($J$1,"'","''") & "'!C179"), "") -> 62 | L51: =IFERROR(INDIRECT("'" & SUBSTITUTE($L$1,"'","''") & "'!B179"), "") -> 3.24 | M51: =IFERROR(INDIRECT("'" & SUBSTITUTE($L$1,"'","''") & "'!C179"), "") -> 97 | N51: =IFERROR(INDIRECT("'" & SUBSTITUTE($N$1,"'","''") & "'!B179"), "") -> 0.64 | O51: =IFERROR(INDIRECT("'" & SUBSTITUTE($N$1,"'","''") & "'!C179"), "") -> 38 | P51: =IFERROR(INDIRECT("'" & SUBSTITUTE($P$1,"'","''") & "'!B179"), "") -> 0.51 | Q51: =IFERROR(INDIRECT("'" & SUBSTITUTE($P$1,"'","''") & "'!C179"), "") -> 34 | R51: =IFERROR(INDIRECT("'" & SUBSTITUTE($R$1,"'","''") & "'!B179"), "") -> 2.78 | S51: =IFERROR(INDIRECT("'" & SUBSTITUTE($R$1,"'","''") & "'!C179"), "") -> 95 | T51: =IFERROR(INDIRECT("'" & SUBSTITUTE($T$1,"'","''") & "'!B179"), "") -> 3.43 | U51: =IFERROR(INDIRECT("'" & SUBSTITUTE($T$1,"'","''") & "'!C179"), "") -> 97 | V51: =IFERROR(INDIRECT("'" & SUBSTITUTE($V$1,"'","''") & "'!B179"), "") -> 0.44 | W51: =IFERROR(INDIRECT("'" & SUBSTITUTE($V$1,"'","''") & "'!C179"), "") -> 29 | X51: =IFERROR(INDIRECT("'" & SUBSTITUTE($X$1,"'","''") & "'!B179"), "") -> 0.55 | Y51: =IFERROR(INDIRECT("'" & SUBSTITUTE($X$1,"'","''") & "'!C179"), "") -> 38
A52: Through Balls | B52: =IFERROR(INDIRECT("'" & SUBSTITUTE($B$1,"'","''") & "'!B182"), "") -> 0.1 | C52: =IFERROR(INDIRECT("'" & SUBSTITUTE($B$1,"'","''") & "'!C182"), "") -> 28 | D52: =IFERROR(INDIRECT("'" & SUBSTITUTE($D$1,"'","''") & "'!B182"), "") -> 0.15 | E52: =IFERROR(INDIRECT("'" & SUBSTITUTE($D$1,"'","''") & "'!C182"), "") -> 49 | F52: =IFERROR(INDIRECT("'" & SUBSTITUTE($F$1,"'","''") & "'!B182"), "") -> 0.31 | G52: =IFERROR(INDIRECT("'" & SUBSTITUTE($F$1,"'","''") & "'!C182"), "") -> 81 | H52: =IFERROR(INDIRECT("'" & SUBSTITUTE($H$1,"'","''") & "'!B182"), "") -> 0.13 | I52: =IFERROR(INDIRECT("'" & SUBSTITUTE($H$1,"'","''") & "'!C182"), "") -> 41 | J52: =IFERROR(INDIRECT("'" & SUBSTITUTE($J$1,"'","''") & "'!B182"), "") -> 0.11 | K52: =IFERROR(INDIRECT("'" & SUBSTITUTE($J$1,"'","''") & "'!C182"), "") -> 84 | L52: =IFERROR(INDIRECT("'" & SUBSTITUTE($L$1,"'","''") & "'!B182"), "") -> 0.15 | M52: =IFERROR(INDIRECT("'" & SUBSTITUTE($L$1,"'","''") & "'!C182"), "") -> 45 | N52: =IFERROR(INDIRECT("'" & SUBSTITUTE($N$1,"'","''") & "'!B182"), "") -> 0.24 | O52: =IFERROR(INDIRECT("'" & SUBSTITUTE($N$1,"'","''") & "'!C182"), "") -> 62 | P52: =IFERROR(INDIRECT("'" & SUBSTITUTE($P$1,"'","''") & "'!B182"), "") -> 0.22 | Q52: =IFERROR(INDIRECT("'" & SUBSTITUTE($P$1,"'","''") & "'!C182"), "") -> 57 | R52: =IFERROR(INDIRECT("'" & SUBSTITUTE($R$1,"'","''") & "'!B182"), "") -> 0.35 | S52: =IFERROR(INDIRECT("'" & SUBSTITUTE($R$1,"'","''") & "'!C182"), "") -> 72 | T52: =IFERROR(INDIRECT("'" & SUBSTITUTE($T$1,"'","''") & "'!B182"), "") -> 0.21 | U52: =IFERROR(INDIRECT("'" & SUBSTITUTE($T$1,"'","''") & "'!C182"), "") -> 56 | V52: =IFERROR(INDIRECT("'" & SUBSTITUTE($V$1,"'","''") & "'!B182"), "") -> 0 | W52: =IFERROR(INDIRECT("'" & SUBSTITUTE($V$1,"'","''") & "'!C182"), "") -> 5 | X52: =IFERROR(INDIRECT("'" & SUBSTITUTE($X$1,"'","''") & "'!B182"), "") -> 0 | Y52: =IFERROR(INDIRECT("'" & SUBSTITUTE($X$1,"'","''") & "'!C182"), "") -> 7
A53: Switches | B53: =IFERROR(INDIRECT("'" & SUBSTITUTE($B$1,"'","''") & "'!B185"), "") -> 0 | C53: =IFERROR(INDIRECT("'" & SUBSTITUTE($B$1,"'","''") & "'!C185"), "") -> 2 | D53: =IFERROR(INDIRECT("'" & SUBSTITUTE($D$1,"'","''") & "'!B185"), "") -> 0.36 | E53: =IFERROR(INDIRECT("'" & SUBSTITUTE($D$1,"'","''") & "'!C185"), "") -> 56 | F53: =IFERROR(INDIRECT("'" & SUBSTITUTE($F$1,"'","''") & "'!B185"), "") -> 0.26 | G53: =IFERROR(INDIRECT("'" & SUBSTITUTE($F$1,"'","''") & "'!C185"), "") -> 43 | H53: =IFERROR(INDIRECT("'" & SUBSTITUTE($H$1,"'","''") & "'!B185"), "") -> 0.45 | I53: =IFERROR(INDIRECT("'" & SUBSTITUTE($H$1,"'","''") & "'!C185"), "") -> 69 | J53: =IFERROR(INDIRECT("'" & SUBSTITUTE($J$1,"'","''") & "'!B185"), "") -> 0.51 | K53: =IFERROR(INDIRECT("'" & SUBSTITUTE($J$1,"'","''") & "'!C185"), "") -> 82 | L53: =IFERROR(INDIRECT("'" & SUBSTITUTE($L$1,"'","''") & "'!B185"), "") -> 1.1 | M53: =IFERROR(INDIRECT("'" & SUBSTITUTE($L$1,"'","''") & "'!C185"), "") -> 98 | N53: =IFERROR(INDIRECT("'" & SUBSTITUTE($N$1,"'","''") & "'!B185"), "") -> 0.36 | O53: =IFERROR(INDIRECT("'" & SUBSTITUTE($N$1,"'","''") & "'!C185"), "") -> 68 | P53: =IFERROR(INDIRECT("'" & SUBSTITUTE($P$1,"'","''") & "'!B185"), "") -> 1.2 | Q53: =IFERROR(INDIRECT("'" & SUBSTITUTE($P$1,"'","''") & "'!C185"), "") -> 98 | R53: =IFERROR(INDIRECT("'" & SUBSTITUTE($R$1,"'","''") & "'!B185"), "") -> 0.3 | S53: =IFERROR(INDIRECT("'" & SUBSTITUTE($R$1,"'","''") & "'!C185"), "") -> 53 | T53: =IFERROR(INDIRECT("'" & SUBSTITUTE($T$1,"'","''") & "'!B185"), "") -> 0.72 | U53: =IFERROR(INDIRECT("'" & SUBSTITUTE($T$1,"'","''") & "'!C185"), "") -> 88 | V53: =IFERROR(INDIRECT("'" & SUBSTITUTE($V$1,"'","''") & "'!B185"), "") -> 0.22 | W53: =IFERROR(INDIRECT("'" & SUBSTITUTE($V$1,"'","''") & "'!C185"), "") -> 46 | X53: =IFERROR(INDIRECT("'" & SUBSTITUTE($X$1,"'","''") & "'!B185"), "") -> 0.05 | Y53: =IFERROR(INDIRECT("'" & SUBSTITUTE($X$1,"'","''") & "'!C185"), "") -> 11
A54: Crosses | B54: =IFERROR(INDIRECT("'" & SUBSTITUTE($B$1,"'","''") & "'!B188"), "") -> 1.01 | C54: =IFERROR(INDIRECT("'" & SUBSTITUTE($B$1,"'","''") & "'!C188"), "") -> 56 | D54: =IFERROR(INDIRECT("'" & SUBSTITUTE($D$1,"'","''") & "'!B188"), "") -> 0.94 | E54: =IFERROR(INDIRECT("'" & SUBSTITUTE($D$1,"'","''") & "'!C188"), "") -> 55 | F54: =IFERROR(INDIRECT("'" & SUBSTITUTE($F$1,"'","''") & "'!B188"), "") -> 2.61 | G54: =IFERROR(INDIRECT("'" & SUBSTITUTE($F$1,"'","''") & "'!C188"), "") -> 80 | H54: =IFERROR(INDIRECT("'" & SUBSTITUTE($H$1,"'","''") & "'!B188"), "") -> 0.03 | I54: =IFERROR(INDIRECT("'" & SUBSTITUTE($H$1,"'","''") & "'!C188"), "") -> 2 | J54: =IFERROR(INDIRECT("'" & SUBSTITUTE($J$1,"'","''") & "'!B188"), "") -> 0.4 | K54: =IFERROR(INDIRECT("'" & SUBSTITUTE($J$1,"'","''") & "'!C188"), "") -> 73 | L54: =IFERROR(INDIRECT("'" & SUBSTITUTE($L$1,"'","''") & "'!B188"), "") -> 2.06 | M54: =IFERROR(INDIRECT("'" & SUBSTITUTE($L$1,"'","''") & "'!C188"), "") -> 68 | N54: =IFERROR(INDIRECT("'" & SUBSTITUTE($N$1,"'","''") & "'!B188"), "") -> 0.45 | O54: =IFERROR(INDIRECT("'" & SUBSTITUTE($N$1,"'","''") & "'!C188"), "") -> 28 | P54: =IFERROR(INDIRECT("'" & SUBSTITUTE($P$1,"'","''") & "'!B188"), "") -> 1.57 | Q54: =IFERROR(INDIRECT("'" & SUBSTITUTE($P$1,"'","''") & "'!C188"), "") -> 62 | R54: =IFERROR(INDIRECT("'" & SUBSTITUTE($R$1,"'","''") & "'!B188"), "") -> 2.98 | S54: =IFERROR(INDIRECT("'" & SUBSTITUTE($R$1,"'","''") & "'!C188"), "") -> 83 | T54: =IFERROR(INDIRECT("'" & SUBSTITUTE($T$1,"'","''") & "'!B188"), "") -> 1.58 | U54: =IFERROR(INDIRECT("'" & SUBSTITUTE($T$1,"'","''") & "'!C188"), "") -> 64 | V54: =IFERROR(INDIRECT("'" & SUBSTITUTE($V$1,"'","''") & "'!B188"), "") -> 0.66 | W54: =IFERROR(INDIRECT("'" & SUBSTITUTE($V$1,"'","''") & "'!C188"), "") -> 33 | X54: =IFERROR(INDIRECT("'" & SUBSTITUTE($X$1,"'","''") & "'!B188"), "") -> 0.23 | Y54: =IFERROR(INDIRECT("'" & SUBSTITUTE($X$1,"'","''") & "'!C188"), "") -> 13
A55: Throw-ins Taken | B55: =IFERROR(INDIRECT("'" & SUBSTITUTE($B$1,"'","''") & "'!B191"), "") -> 0.03 | C55: =IFERROR(INDIRECT("'" & SUBSTITUTE($B$1,"'","''") & "'!C191"), "") -> 9 | D55: =IFERROR(INDIRECT("'" & SUBSTITUTE($D$1,"'","''") & "'!B191"), "") -> 0.67 | E55: =IFERROR(INDIRECT("'" & SUBSTITUTE($D$1,"'","''") & "'!C191"), "") -> 86 | F55: =IFERROR(INDIRECT("'" & SUBSTITUTE($F$1,"'","''") & "'!B191"), "") -> 0.16 | G55: =IFERROR(INDIRECT("'" & SUBSTITUTE($F$1,"'","''") & "'!C191"), "") -> 41 | H55: =IFERROR(INDIRECT("'" & SUBSTITUTE($H$1,"'","''") & "'!B191"), "") -> 0.1 | I55: =IFERROR(INDIRECT("'" & SUBSTITUTE($H$1,"'","''") & "'!C191"), "") -> 28 | J55: =IFERROR(INDIRECT("'" & SUBSTITUTE($J$1,"'","''") & "'!B191"), "") -> 0.29 | K55: =IFERROR(INDIRECT("'" & SUBSTITUTE($J$1,"'","''") & "'!C191"), "") -> 52 | L55: =IFERROR(INDIRECT("'" & SUBSTITUTE($L$1,"'","''") & "'!B191"), "") -> 0.59 | M55: =IFERROR(INDIRECT("'" & SUBSTITUTE($L$1,"'","''") & "'!C191"), "") -> 78 | N55: =IFERROR(INDIRECT("'" & SUBSTITUTE($N$1,"'","''") & "'!B191"), "") -> 0.27 | O55: =IFERROR(INDIRECT("'" & SUBSTITUTE($N$1,"'","''") & "'!C191"), "") -> 52 | P55: =IFERROR(INDIRECT("'" & SUBSTITUTE($P$1,"'","''") & "'!B191"), "") -> 0.29 | Q55: =IFERROR(INDIRECT("'" & SUBSTITUTE($P$1,"'","''") & "'!C191"), "") -> 62 | R55: =IFERROR(INDIRECT("'" & SUBSTITUTE($R$1,"'","''") & "'!B191"), "") -> 0.15 | S55: =IFERROR(INDIRECT("'" & SUBSTITUTE($R$1,"'","''") & "'!C191"), "") -> 40 | T55: =IFERROR(INDIRECT("'" & SUBSTITUTE($T$1,"'","''") & "'!B191"), "") -> 0.33 | U55: =IFERROR(INDIRECT("'" & SUBSTITUTE($T$1,"'","''") & "'!C191"), "") -> 65 | V55: =IFERROR(INDIRECT("'" & SUBSTITUTE($V$1,"'","''") & "'!B191"), "") -> 0.55 | W55: =IFERROR(INDIRECT("'" & SUBSTITUTE($V$1,"'","''") & "'!C191"), "") -> 76 | X55: =IFERROR(INDIRECT("'" & SUBSTITUTE($X$1,"'","''") & "'!B191"), "") -> 0.18 | Y55: =IFERROR(INDIRECT("'" & SUBSTITUTE($X$1,"'","''") & "'!C191"), "") -> 46
A56: Corner Kicks | B56: =IFERROR(INDIRECT("'" & SUBSTITUTE($B$1,"'","''") & "'!B194"), "") -> 0 | C56: =IFERROR(INDIRECT("'" & SUBSTITUTE($B$1,"'","''") & "'!C194"), "") -> 22 | D56: =IFERROR(INDIRECT("'" & SUBSTITUTE($D$1,"'","''") & "'!B194"), "") -> 0.03 | E56: =IFERROR(INDIRECT("'" & SUBSTITUTE($D$1,"'","''") & "'!C194"), "") -> 45 | F56: =IFERROR(INDIRECT("'" & SUBSTITUTE($F$1,"'","''") & "'!B194"), "") -> 0.52 | G56: =IFERROR(INDIRECT("'" & SUBSTITUTE($F$1,"'","''") & "'!C194"), "") -> 69 | H56: =IFERROR(INDIRECT("'" & SUBSTITUTE($H$1,"'","''") & "'!B194"), "") -> 0 | I56: =IFERROR(INDIRECT("'" & SUBSTITUTE($H$1,"'","''") & "'!C194"), "") -> 22 | J56: =IFERROR(INDIRECT("'" & SUBSTITUTE($J$1,"'","''") & "'!B194"), "") -> 0 | K56: =IFERROR(INDIRECT("'" & SUBSTITUTE($J$1,"'","''") & "'!C194"), "") -> 48 | L56: =IFERROR(INDIRECT("'" & SUBSTITUTE($L$1,"'","''") & "'!B194"), "") -> 1.1 | M56: =IFERROR(INDIRECT("'" & SUBSTITUTE($L$1,"'","''") & "'!C194"), "") -> 76 | N56: =IFERROR(INDIRECT("'" & SUBSTITUTE($N$1,"'","''") & "'!B194"), "") -> 0 | O56: =IFERROR(INDIRECT("'" & SUBSTITUTE($N$1,"'","''") & "'!C194"), "") -> 20 | P56: =IFERROR(INDIRECT("'" & SUBSTITUTE($P$1,"'","''") & "'!B194"), "") -> 0.33 | Q56: =IFERROR(INDIRECT("'" & SUBSTITUTE($P$1,"'","''") & "'!C194"), "") -> 68 | R56: =IFERROR(INDIRECT("'" & SUBSTITUTE($R$1,"'","''") & "'!B194"), "") -> 1.72 | S56: =IFERROR(INDIRECT("'" & SUBSTITUTE($R$1,"'","''") & "'!C194"), "") -> 86 | T56: =IFERROR(INDIRECT("'" & SUBSTITUTE($T$1,"'","''") & "'!B194"), "") -> 0.63 | U56: =IFERROR(INDIRECT("'" & SUBSTITUTE($T$1,"'","''") & "'!C194"), "") -> 75 | V56: =IFERROR(INDIRECT("'" & SUBSTITUTE($V$1,"'","''") & "'!B194"), "") -> 0 | W56: =IFERROR(INDIRECT("'" & SUBSTITUTE($V$1,"'","''") & "'!C194"), "") -> 20 | X56: =IFERROR(INDIRECT("'" & SUBSTITUTE($X$1,"'","''") & "'!B194"), "") -> 0 | Y56: =IFERROR(INDIRECT("'" & SUBSTITUTE($X$1,"'","''") & "'!C194"), "") -> 22
A57: Inswinging Corner Kicks | B57: =IFERROR(INDIRECT("'" & SUBSTITUTE($B$1,"'","''") & "'!B198"), "") -> 0 | C57: =IFERROR(INDIRECT("'" & SUBSTITUTE($B$1,"'","''") & "'!C198"), "") -> 27 | D57: =IFERROR(INDIRECT("'" & SUBSTITUTE($D$1,"'","''") & "'!B198"), "") -> 0.03 | E57: =IFERROR(INDIRECT("'" & SUBSTITUTE($D$1,"'","''") & "'!C198"), "") -> 55 | F57: =IFERROR(INDIRECT("'" & SUBSTITUTE($F$1,"'","''") & "'!B198"), "") -> 0.47 | G57: =IFERROR(INDIRECT("'" & SUBSTITUTE($F$1,"'","''") & "'!C198"), "") -> 77 | H57: =IFERROR(INDIRECT("'" & SUBSTITUTE($H$1,"'","''") & "'!B198"), "") -> 0 | I57: =IFERROR(INDIRECT("'" & SUBSTITUTE($H$1,"'","''") & "'!C198"), "") -> 27 | J57: =IFERROR(INDIRECT("'" & SUBSTITUTE($J$1,"'","''") & "'!B198"), "") -> 0 | K57: =IFERROR(INDIRECT("'" & SUBSTITUTE($J$1,"'","''") & "'!C198"), "") -> 49 | L57: =IFERROR(INDIRECT("'" & SUBSTITUTE($L$1,"'","''") & "'!B198"), "") -> 0.59 | M57: =IFERROR(INDIRECT("'" & SUBSTITUTE($L$1,"'","''") & "'!C198"), "") -> 73 | N57: =IFERROR(INDIRECT("'" & SUBSTITUTE($N$1,"'","''") & "'!B198"), "") -> 0 | O57: =IFERROR(INDIRECT("'" & SUBSTITUTE($N$1,"'","''") & "'!C198"), "") -> 25 | P57: =IFERROR(INDIRECT("'" & SUBSTITUTE($P$1,"'","''") & "'!B198"), "") -> 0.11 | Q57: =IFERROR(INDIRECT("'" & SUBSTITUTE($P$1,"'","''") & "'!C198"), "") -> 66 | R57: =IFERROR(INDIRECT("'" & SUBSTITUTE($R$1,"'","''") & "'!B198"), "") -> 0.51 | S57: =IFERROR(INDIRECT("'" & SUBSTITUTE($R$1,"'","''") & "'!C198"), "") -> 80 | T57: =IFERROR(INDIRECT("'" & SUBSTITUTE($T$1,"'","''") & "'!B198"), "") -> 0.09 | U57: =IFERROR(INDIRECT("'" & SUBSTITUTE($T$1,"'","''") & "'!C198"), "") -> 64 | V57: =IFERROR(INDIRECT("'" & SUBSTITUTE($V$1,"'","''") & "'!B198"), "") -> 0 | W57: =IFERROR(INDIRECT("'" & SUBSTITUTE($V$1,"'","''") & "'!C198"), "") -> 25 | X57: =IFERROR(INDIRECT("'" & SUBSTITUTE($X$1,"'","''") & "'!B198"), "") -> 0 | Y57: =IFERROR(INDIRECT("'" & SUBSTITUTE($X$1,"'","''") & "'!C198"), "") -> 28
A58: Outswinging Corner Kicks | B58: =IFERROR(INDIRECT("'" & SUBSTITUTE($B$1,"'","''") & "'!B201"), "") -> 0 | C58: =IFERROR(INDIRECT("'" & SUBSTITUTE($B$1,"'","''") & "'!C201"), "") -> 30 | D58: =IFERROR(INDIRECT("'" & SUBSTITUTE($D$1,"'","''") & "'!B201"), "") -> 0 | E58: =IFERROR(INDIRECT("'" & SUBSTITUTE($D$1,"'","''") & "'!C201"), "") -> 30 | F58: =IFERROR(INDIRECT("'" & SUBSTITUTE($F$1,"'","''") & "'!B201"), "") -> 0 | G58: =IFERROR(INDIRECT("'" & SUBSTITUTE($F$1,"'","''") & "'!C201"), "") -> 30 | H58: =IFERROR(INDIRECT("'" & SUBSTITUTE($H$1,"'","''") & "'!B201"), "") -> 0 | I58: =IFERROR(INDIRECT("'" & SUBSTITUTE($H$1,"'","''") & "'!C201"), "") -> 30 | J58: =IFERROR(INDIRECT("'" & SUBSTITUTE($J$1,"'","''") & "'!B201"), "") -> 0 | K58: =IFERROR(INDIRECT("'" & SUBSTITUTE($J$1,"'","''") & "'!C201"), "") -> 49 | L58: =IFERROR(INDIRECT("'" & SUBSTITUTE($L$1,"'","''") & "'!B201"), "") -> 0.22 | M58: =IFERROR(INDIRECT("'" & SUBSTITUTE($L$1,"'","''") & "'!C201"), "") -> 74 | N58: =IFERROR(INDIRECT("'" & SUBSTITUTE($N$1,"'","''") & "'!B201"), "") -> 0 | O58: =IFERROR(INDIRECT("'" & SUBSTITUTE($N$1,"'","''") & "'!C201"), "") -> 29 | P58: =IFERROR(INDIRECT("'" & SUBSTITUTE($P$1,"'","''") & "'!B201"), "") -> 0.15 | Q58: =IFERROR(INDIRECT("'" & SUBSTITUTE($P$1,"'","''") & "'!C201"), "") -> 76 | R58: =IFERROR(INDIRECT("'" & SUBSTITUTE($R$1,"'","''") & "'!B201"), "") -> 0.76 | S58: =IFERROR(INDIRECT("'" & SUBSTITUTE($R$1,"'","''") & "'!C201"), "") -> 94 | T58: =IFERROR(INDIRECT("'" & SUBSTITUTE($T$1,"'","''") & "'!B201"), "") -> 0.48 | U58: =IFERROR(INDIRECT("'" & SUBSTITUTE($T$1,"'","''") & "'!C201"), "") -> 88 | V58: =IFERROR(INDIRECT("'" & SUBSTITUTE($V$1,"'","''") & "'!B201"), "") -> 0 | W58: =IFERROR(INDIRECT("'" & SUBSTITUTE($V$1,"'","''") & "'!C201"), "") -> 29 | X58: =IFERROR(INDIRECT("'" & SUBSTITUTE($X$1,"'","''") & "'!B201"), "") -> 0 | Y58: =IFERROR(INDIRECT("'" & SUBSTITUTE($X$1,"'","''") & "'!C201"), "") -> 28
A59: Straight Corner Kicks | B59: =IFERROR(INDIRECT("'" & SUBSTITUTE($B$1,"'","''") & "'!B204"), "") -> 0 | C59: =IFERROR(INDIRECT("'" & SUBSTITUTE($B$1,"'","''") & "'!C204"), "") -> 46 | D59: =IFERROR(INDIRECT("'" & SUBSTITUTE($D$1,"'","''") & "'!B204"), "") -> 0 | E59: =IFERROR(INDIRECT("'" & SUBSTITUTE($D$1,"'","''") & "'!C204"), "") -> 46 | F59: =IFERROR(INDIRECT("'" & SUBSTITUTE($F$1,"'","''") & "'!B204"), "") -> 0 | G59: =IFERROR(INDIRECT("'" & SUBSTITUTE($F$1,"'","''") & "'!C204"), "") -> 46 | H59: =IFERROR(INDIRECT("'" & SUBSTITUTE($H$1,"'","''") & "'!B204"), "") -> 0 | I59: =IFERROR(INDIRECT("'" & SUBSTITUTE($H$1,"'","''") & "'!C204"), "") -> 46 | J59: =IFERROR(INDIRECT("'" & SUBSTITUTE($J$1,"'","''") & "'!B204"), "") -> 0 | K59: =IFERROR(INDIRECT("'" & SUBSTITUTE($J$1,"'","''") & "'!C204"), "") -> 50 | L59: =IFERROR(INDIRECT("'" & SUBSTITUTE($L$1,"'","''") & "'!B204"), "") -> 0 | M59: =IFERROR(INDIRECT("'" & SUBSTITUTE($L$1,"'","''") & "'!C204"), "") -> 41 | N59: =IFERROR(INDIRECT("'" & SUBSTITUTE($N$1,"'","''") & "'!B204"), "") -> 0 | O59: =IFERROR(INDIRECT("'" & SUBSTITUTE($N$1,"'","''") & "'!C204"), "") -> 41 | P59: =IFERROR(INDIRECT("'" & SUBSTITUTE($P$1,"'","''") & "'!B204"), "") -> 0 | Q59: =IFERROR(INDIRECT("'" & SUBSTITUTE($P$1,"'","''") & "'!C204"), "") -> 42 | R59: =IFERROR(INDIRECT("'" & SUBSTITUTE($R$1,"'","''") & "'!B204"), "") -> 0 | S59: =IFERROR(INDIRECT("'" & SUBSTITUTE($R$1,"'","''") & "'!C204"), "") -> 42 | T59: =IFERROR(INDIRECT("'" & SUBSTITUTE($T$1,"'","''") & "'!B204"), "") -> 0 | U59: =IFERROR(INDIRECT("'" & SUBSTITUTE($T$1,"'","''") & "'!C204"), "") -> 42 | V59: =IFERROR(INDIRECT("'" & SUBSTITUTE($V$1,"'","''") & "'!B204"), "") -> 0 | W59: =IFERROR(INDIRECT("'" & SUBSTITUTE($V$1,"'","''") & "'!C204"), "") -> 41 | X59: =IFERROR(INDIRECT("'" & SUBSTITUTE($X$1,"'","''") & "'!B204"), "") -> 0 | Y59: =IFERROR(INDIRECT("'" & SUBSTITUTE($X$1,"'","''") & "'!C204"), "") -> 43
A60: Passes Offside | B60: =IFERROR(INDIRECT("'" & SUBSTITUTE($B$1,"'","''") & "'!B211"), "") -> 0.03 | C60: =IFERROR(INDIRECT("'" & SUBSTITUTE($B$1,"'","''") & "'!C211"), "") -> 95 | D60: =IFERROR(INDIRECT("'" & SUBSTITUTE($D$1,"'","''") & "'!B211"), "") -> 0.09 | E60: =IFERROR(INDIRECT("'" & SUBSTITUTE($D$1,"'","''") & "'!C211"), "") -> 78 | F60: =IFERROR(INDIRECT("'" & SUBSTITUTE($F$1,"'","''") & "'!B211"), "") -> 0.1 | G60: =IFERROR(INDIRECT("'" & SUBSTITUTE($F$1,"'","''") & "'!C211"), "") -> 75 | H60: =IFERROR(INDIRECT("'" & SUBSTITUTE($H$1,"'","''") & "'!B211"), "") -> 0.1 | I60: =IFERROR(INDIRECT("'" & SUBSTITUTE($H$1,"'","''") & "'!C211"), "") -> 76 | J60: =IFERROR(INDIRECT("'" & SUBSTITUTE($J$1,"'","''") & "'!B211"), "") -> 0.11 | K60: =IFERROR(INDIRECT("'" & SUBSTITUTE($J$1,"'","''") & "'!C211"), "") -> 52 | L60: =IFERROR(INDIRECT("'" & SUBSTITUTE($L$1,"'","''") & "'!B211"), "") -> 0.59 | M60: =IFERROR(INDIRECT("'" & SUBSTITUTE($L$1,"'","''") & "'!C211"), "") -> 5 | N60: =IFERROR(INDIRECT("'" & SUBSTITUTE($N$1,"'","''") & "'!B211"), "") -> 0.21 | O60: =IFERROR(INDIRECT("'" & SUBSTITUTE($N$1,"'","''") & "'!C211"), "") -> 36 | P60: =IFERROR(INDIRECT("'" & SUBSTITUTE($P$1,"'","''") & "'!B211"), "") -> 0.11 | Q60: =IFERROR(INDIRECT("'" & SUBSTITUTE($P$1,"'","''") & "'!C211"), "") -> 65 | R60: =IFERROR(INDIRECT("'" & SUBSTITUTE($R$1,"'","''") & "'!B211"), "") -> 0.25 | S60: =IFERROR(INDIRECT("'" & SUBSTITUTE($R$1,"'","''") & "'!C211"), "") -> 23 | T60: =IFERROR(INDIRECT("'" & SUBSTITUTE($T$1,"'","''") & "'!B211"), "") -> 0.24 | U60: =IFERROR(INDIRECT("'" & SUBSTITUTE($T$1,"'","''") & "'!C211"), "") -> 26 | V60: =IFERROR(INDIRECT("'" & SUBSTITUTE($V$1,"'","''") & "'!B211"), "") -> 0.11 | W60: =IFERROR(INDIRECT("'" & SUBSTITUTE($V$1,"'","''") & "'!C211"), "") -> 78 | X60: =IFERROR(INDIRECT("'" & SUBSTITUTE($X$1,"'","''") & "'!B211"), "") -> 0.05 | Y60: =IFERROR(INDIRECT("'" & SUBSTITUTE($X$1,"'","''") & "'!C211"), "") -> 82
A61: Passes Blocked | B61: =IFERROR(INDIRECT("'" & SUBSTITUTE($B$1,"'","''") & "'!B214"), "") -> 0.71 | C61: =IFERROR(INDIRECT("'" & SUBSTITUTE($B$1,"'","''") & "'!C214"), "") -> 57 | D61: =IFERROR(INDIRECT("'" & SUBSTITUTE($D$1,"'","''") & "'!B214"), "") -> 0.85 | E61: =IFERROR(INDIRECT("'" & SUBSTITUTE($D$1,"'","''") & "'!C214"), "") -> 39 | F61: =IFERROR(INDIRECT("'" & SUBSTITUTE($F$1,"'","''") & "'!B214"), "") -> 0.94 | G61: =IFERROR(INDIRECT("'" & SUBSTITUTE($F$1,"'","''") & "'!C214"), "") -> 30 | H61: =IFERROR(INDIRECT("'" & SUBSTITUTE($H$1,"'","''") & "'!B214"), "") -> 0.51 | I61: =IFERROR(INDIRECT("'" & SUBSTITUTE($H$1,"'","''") & "'!C214"), "") -> 83 | J61: =IFERROR(INDIRECT("'" & SUBSTITUTE($J$1,"'","''") & "'!B214"), "") -> 0.23 | K61: =IFERROR(INDIRECT("'" & SUBSTITUTE($J$1,"'","''") & "'!C214"), "") -> 79 | L61: =IFERROR(INDIRECT("'" & SUBSTITUTE($L$1,"'","''") & "'!B214"), "") -> 0.81 | M61: =IFERROR(INDIRECT("'" & SUBSTITUTE($L$1,"'","''") & "'!C214"), "") -> 63 | N61: =IFERROR(INDIRECT("'" & SUBSTITUTE($N$1,"'","''") & "'!B214"), "") -> 0.27 | O61: =IFERROR(INDIRECT("'" & SUBSTITUTE($N$1,"'","''") & "'!C214"), "") -> 98 | P61: =IFERROR(INDIRECT("'" & SUBSTITUTE($P$1,"'","''") & "'!B214"), "") -> 0.84 | Q61: =IFERROR(INDIRECT("'" & SUBSTITUTE($P$1,"'","''") & "'!C214"), "") -> 66 | R61: =IFERROR(INDIRECT("'" & SUBSTITUTE($R$1,"'","''") & "'!B214"), "") -> 1.01 | S61: =IFERROR(INDIRECT("'" & SUBSTITUTE($R$1,"'","''") & "'!C214"), "") -> 47 | T61: =IFERROR(INDIRECT("'" & SUBSTITUTE($T$1,"'","''") & "'!B214"), "") -> 0.89 | U61: =IFERROR(INDIRECT("'" & SUBSTITUTE($T$1,"'","''") & "'!C214"), "") -> 60 | V61: =IFERROR(INDIRECT("'" & SUBSTITUTE($V$1,"'","''") & "'!B214"), "") -> 0.77 | W61: =IFERROR(INDIRECT("'" & SUBSTITUTE($V$1,"'","''") & "'!C214"), "") -> 69 | X61: =IFERROR(INDIRECT("'" & SUBSTITUTE($X$1,"'","''") & "'!B214"), "") -> 0.51 | Y61: =IFERROR(INDIRECT("'" & SUBSTITUTE($X$1,"'","''") & "'!C214"), "") -> 88
A62: Shot-Creating Actions | B62: =IFERROR(INDIRECT("'" & SUBSTITUTE($B$1,"'","''") & "'!B219"), "") -> 1.79 | C62: =IFERROR(INDIRECT("'" & SUBSTITUTE($B$1,"'","''") & "'!C219"), "") -> 30 | D62: =IFERROR(INDIRECT("'" & SUBSTITUTE($D$1,"'","''") & "'!B219"), "") -> 2.18 | E62: =IFERROR(INDIRECT("'" & SUBSTITUTE($D$1,"'","''") & "'!C219"), "") -> 48 | F62: =IFERROR(INDIRECT("'" & SUBSTITUTE($F$1,"'","''") & "'!B219"), "") -> 2.77 | G62: =IFERROR(INDIRECT("'" & SUBSTITUTE($F$1,"'","''") & "'!C219"), "") -> 72 | H62: =IFERROR(INDIRECT("'" & SUBSTITUTE($H$1,"'","''") & "'!B219"), "") -> 1.6 | I62: =IFERROR(INDIRECT("'" & SUBSTITUTE($H$1,"'","''") & "'!C219"), "") -> 21 | J62: =IFERROR(INDIRECT("'" & SUBSTITUTE($J$1,"'","''") & "'!B219"), "") -> 1.2 | K62: =IFERROR(INDIRECT("'" & SUBSTITUTE($J$1,"'","''") & "'!C219"), "") -> 81 | L62: =IFERROR(INDIRECT("'" & SUBSTITUTE($L$1,"'","''") & "'!B219"), "") -> 1.91 | M62: =IFERROR(INDIRECT("'" & SUBSTITUTE($L$1,"'","''") & "'!C219"), "") -> 23 | N62: =IFERROR(INDIRECT("'" & SUBSTITUTE($N$1,"'","''") & "'!B219"), "") -> 1.43 | O62: =IFERROR(INDIRECT("'" & SUBSTITUTE($N$1,"'","''") & "'!C219"), "") -> 11 | P62: =IFERROR(INDIRECT("'" & SUBSTITUTE($P$1,"'","''") & "'!B219"), "") -> 2.15 | Q62: =IFERROR(INDIRECT("'" & SUBSTITUTE($P$1,"'","''") & "'!C219"), "") -> 40 | R62: =IFERROR(INDIRECT("'" & SUBSTITUTE($R$1,"'","''") & "'!B219"), "") -> 3.34 | S62: =IFERROR(INDIRECT("'" & SUBSTITUTE($R$1,"'","''") & "'!C219"), "") -> 83 | T62: =IFERROR(INDIRECT("'" & SUBSTITUTE($T$1,"'","''") & "'!B219"), "") -> 2.38 | U62: =IFERROR(INDIRECT("'" & SUBSTITUTE($T$1,"'","''") & "'!C219"), "") -> 45 | V62: =IFERROR(INDIRECT("'" & SUBSTITUTE($V$1,"'","''") & "'!B219"), "") -> 1.43 | W62: =IFERROR(INDIRECT("'" & SUBSTITUTE($V$1,"'","''") & "'!C219"), "") -> 12 | X62: =IFERROR(INDIRECT("'" & SUBSTITUTE($X$1,"'","''") & "'!B219"), "") -> 1.25 | Y62: =IFERROR(INDIRECT("'" & SUBSTITUTE($X$1,"'","''") & "'!C219"), "") -> 7
A63: SCA (Live-ball Pass) | B63: =IFERROR(INDIRECT("'" & SUBSTITUTE($B$1,"'","''") & "'!B223"), "") -> 1.4 | C63: =IFERROR(INDIRECT("'" & SUBSTITUTE($B$1,"'","''") & "'!C223"), "") -> 28 | D63: =IFERROR(INDIRECT("'" & SUBSTITUTE($D$1,"'","''") & "'!B223"), "") -> 1.76 | E63: =IFERROR(INDIRECT("'" & SUBSTITUTE($D$1,"'","''") & "'!C223"), "") -> 54 | F63: =IFERROR(INDIRECT("'" & SUBSTITUTE($F$1,"'","''") & "'!B223"), "") -> 1.67 | G63: =IFERROR(INDIRECT("'" & SUBSTITUTE($F$1,"'","''") & "'!C223"), "") -> 49 | H63: =IFERROR(INDIRECT("'" & SUBSTITUTE($H$1,"'","''") & "'!B223"), "") -> 1.22 | I63: =IFERROR(INDIRECT("'" & SUBSTITUTE($H$1,"'","''") & "'!C223"), "") -> 17 | J63: =IFERROR(INDIRECT("'" & SUBSTITUTE($J$1,"'","''") & "'!B223"), "") -> 1.09 | K63: =IFERROR(INDIRECT("'" & SUBSTITUTE($J$1,"'","''") & "'!C223"), "") -> 86 | L63: =IFERROR(INDIRECT("'" & SUBSTITUTE($L$1,"'","''") & "'!B223"), "") -> 1.47 | M63: =IFERROR(INDIRECT("'" & SUBSTITUTE($L$1,"'","''") & "'!C223"), "") -> 21 | N63: =IFERROR(INDIRECT("'" & SUBSTITUTE($N$1,"'","''") & "'!B223"), "") -> 1.27 | O63: =IFERROR(INDIRECT("'" & SUBSTITUTE($N$1,"'","''") & "'!C223"), "") -> 14 | P63: =IFERROR(INDIRECT("'" & SUBSTITUTE($P$1,"'","''") & "'!B223"), "") -> 1.79 | Q63: =IFERROR(INDIRECT("'" & SUBSTITUTE($P$1,"'","''") & "'!C223"), "") -> 47 | R63: =IFERROR(INDIRECT("'" & SUBSTITUTE($R$1,"'","''") & "'!B223"), "") -> 2.48 | S63: =IFERROR(INDIRECT("'" & SUBSTITUTE($R$1,"'","''") & "'!C223"), "") -> 80 | T63: =IFERROR(INDIRECT("'" & SUBSTITUTE($T$1,"'","''") & "'!B223"), "") -> 1.64 | U63: =IFERROR(INDIRECT("'" & SUBSTITUTE($T$1,"'","''") & "'!C223"), "") -> 40 | V63: =IFERROR(INDIRECT("'" & SUBSTITUTE($V$1,"'","''") & "'!B223"), "") -> 1.32 | W63: =IFERROR(INDIRECT("'" & SUBSTITUTE($V$1,"'","''") & "'!C223"), "") -> 16 | X63: =IFERROR(INDIRECT("'" & SUBSTITUTE($X$1,"'","''") & "'!B223"), "") -> 1.15 | Y63: =IFERROR(INDIRECT("'" & SUBSTITUTE($X$1,"'","''") & "'!C223"), "") -> 14
A64: SCA (Dead-ball Pass) | B64: =IFERROR(INDIRECT("'" & SUBSTITUTE($B$1,"'","''") & "'!B226"), "") -> 0 | C64: =IFERROR(INDIRECT("'" & SUBSTITUTE($B$1,"'","''") & "'!C226"), "") -> 17 | D64: =IFERROR(INDIRECT("'" & SUBSTITUTE($D$1,"'","''") & "'!B226"), "") -> 0.03 | E64: =IFERROR(INDIRECT("'" & SUBSTITUTE($D$1,"'","''") & "'!C226"), "") -> 38 | F64: =IFERROR(INDIRECT("'" & SUBSTITUTE($F$1,"'","''") & "'!B226"), "") -> 0.37 | G64: =IFERROR(INDIRECT("'" & SUBSTITUTE($F$1,"'","''") & "'!C226"), "") -> 77 | H64: =IFERROR(INDIRECT("'" & SUBSTITUTE($H$1,"'","''") & "'!B226"), "") -> 0.13 | I64: =IFERROR(INDIRECT("'" & SUBSTITUTE($H$1,"'","''") & "'!C226"), "") -> 61 | J64: =IFERROR(INDIRECT("'" & SUBSTITUTE($J$1,"'","''") & "'!B226"), "") -> 0.03 | K64: =IFERROR(INDIRECT("'" & SUBSTITUTE($J$1,"'","''") & "'!C226"), "") -> 63 | L64: =IFERROR(INDIRECT("'" & SUBSTITUTE($L$1,"'","''") & "'!B226"), "") -> 0.44 | M64: =IFERROR(INDIRECT("'" & SUBSTITUTE($L$1,"'","''") & "'!C226"), "") -> 78 | N64: =IFERROR(INDIRECT("'" & SUBSTITUTE($N$1,"'","''") & "'!B226"), "") -> 0 | O64: =IFERROR(INDIRECT("'" & SUBSTITUTE($N$1,"'","''") & "'!C226"), "") -> 21 | P64: =IFERROR(INDIRECT("'" & SUBSTITUTE($P$1,"'","''") & "'!B226"), "") -> 0.07 | Q64: =IFERROR(INDIRECT("'" & SUBSTITUTE($P$1,"'","''") & "'!C226"), "") -> 58 | R64: =IFERROR(INDIRECT("'" & SUBSTITUTE($R$1,"'","''") & "'!B226"), "") -> 0.71 | S64: =IFERROR(INDIRECT("'" & SUBSTITUTE($R$1,"'","''") & "'!C226"), "") -> 90 | T64: =IFERROR(INDIRECT("'" & SUBSTITUTE($T$1,"'","''") & "'!B226"), "") -> 0.33 | U64: =IFERROR(INDIRECT("'" & SUBSTITUTE($T$1,"'","''") & "'!C226"), "") -> 77 | V64: =IFERROR(INDIRECT("'" & SUBSTITUTE($V$1,"'","''") & "'!B226"), "") -> 0 | W64: =IFERROR(INDIRECT("'" & SUBSTITUTE($V$1,"'","''") & "'!C226"), "") -> 21 | X64: =IFERROR(INDIRECT("'" & SUBSTITUTE($X$1,"'","''") & "'!B226"), "") -> 0 | Y64: =IFERROR(INDIRECT("'" & SUBSTITUTE($X$1,"'","''") & "'!C226"), "") -> 23
A65: SCA (Take-On) | B65: =IFERROR(INDIRECT("'" & SUBSTITUTE($B$1,"'","''") & "'!B229"), "") -> 0.07 | C65: =IFERROR(INDIRECT("'" & SUBSTITUTE($B$1,"'","''") & "'!C229"), "") -> 59 | D65: =IFERROR(INDIRECT("'" & SUBSTITUTE($D$1,"'","''") & "'!B229"), "") -> 0.15 | E65: =IFERROR(INDIRECT("'" & SUBSTITUTE($D$1,"'","''") & "'!C229"), "") -> 85 | F65: =IFERROR(INDIRECT("'" & SUBSTITUTE($F$1,"'","''") & "'!B229"), "") -> 0.16 | G65: =IFERROR(INDIRECT("'" & SUBSTITUTE($F$1,"'","''") & "'!C229"), "") -> 86 | H65: =IFERROR(INDIRECT("'" & SUBSTITUTE($H$1,"'","''") & "'!B229"), "") -> 0.06 | I65: =IFERROR(INDIRECT("'" & SUBSTITUTE($H$1,"'","''") & "'!C229"), "") -> 57 | J65: =IFERROR(INDIRECT("'" & SUBSTITUTE($J$1,"'","''") & "'!B229"), "") -> 0 | K65: =IFERROR(INDIRECT("'" & SUBSTITUTE($J$1,"'","''") & "'!C229"), "") -> 38 | L65: =IFERROR(INDIRECT("'" & SUBSTITUTE($L$1,"'","''") & "'!B229"), "") -> 0 | M65: =IFERROR(INDIRECT("'" & SUBSTITUTE($L$1,"'","''") & "'!C229"), "") -> 17 | N65: =IFERROR(INDIRECT("'" & SUBSTITUTE($N$1,"'","''") & "'!B229"), "") -> 0 | O65: =IFERROR(INDIRECT("'" & SUBSTITUTE($N$1,"'","''") & "'!C229"), "") -> 17 | P65: =IFERROR(INDIRECT("'" & SUBSTITUTE($P$1,"'","''") & "'!B229"), "") -> 0.15 | Q65: =IFERROR(INDIRECT("'" & SUBSTITUTE($P$1,"'","''") & "'!C229"), "") -> 69 | R65: =IFERROR(INDIRECT("'" & SUBSTITUTE($R$1,"'","''") & "'!B229"), "") -> 0 | S65: =IFERROR(INDIRECT("'" & SUBSTITUTE($R$1,"'","''") & "'!C229"), "") -> 15 | T65: =IFERROR(INDIRECT("'" & SUBSTITUTE($T$1,"'","''") & "'!B229"), "") -> 0.09 | U65: =IFERROR(INDIRECT("'" & SUBSTITUTE($T$1,"'","''") & "'!C229"), "") -> 54 | V65: =IFERROR(INDIRECT("'" & SUBSTITUTE($V$1,"'","''") & "'!B229"), "") -> 0.11 | W65: =IFERROR(INDIRECT("'" & SUBSTITUTE($V$1,"'","''") & "'!C229"), "") -> 60 | X65: =IFERROR(INDIRECT("'" & SUBSTITUTE($X$1,"'","''") & "'!B229"), "") -> 0 | Y65: =IFERROR(INDIRECT("'" & SUBSTITUTE($X$1,"'","''") & "'!C229"), "") -> 13
A66: SCA (Shot) | B66: =IFERROR(INDIRECT("'" & SUBSTITUTE($B$1,"'","''") & "'!B232"), "") -> 0.13 | C66: =IFERROR(INDIRECT("'" & SUBSTITUTE($B$1,"'","''") & "'!C232"), "") -> 62 | D66: =IFERROR(INDIRECT("'" & SUBSTITUTE($D$1,"'","''") & "'!B232"), "") -> 0.06 | E66: =IFERROR(INDIRECT("'" & SUBSTITUTE($D$1,"'","''") & "'!C232"), "") -> 34 | F66: =IFERROR(INDIRECT("'" & SUBSTITUTE($F$1,"'","''") & "'!B232"), "") -> 0.21 | G66: =IFERROR(INDIRECT("'" & SUBSTITUTE($F$1,"'","''") & "'!C232"), "") -> 84 | H66: =IFERROR(INDIRECT("'" & SUBSTITUTE($H$1,"'","''") & "'!B232"), "") -> 0 | I66: =IFERROR(INDIRECT("'" & SUBSTITUTE($H$1,"'","''") & "'!C232"), "") -> 7 | J66: =IFERROR(INDIRECT("'" & SUBSTITUTE($J$1,"'","''") & "'!B232"), "") -> 0.09 | K66: =IFERROR(INDIRECT("'" & SUBSTITUTE($J$1,"'","''") & "'!C232"), "") -> 67 | L66: =IFERROR(INDIRECT("'" & SUBSTITUTE($L$1,"'","''") & "'!B232"), "") -> 0 | M66: =IFERROR(INDIRECT("'" & SUBSTITUTE($L$1,"'","''") & "'!C232"), "") -> 7 | N66: =IFERROR(INDIRECT("'" & SUBSTITUTE($N$1,"'","''") & "'!B232"), "") -> 0.12 | O66: =IFERROR(INDIRECT("'" & SUBSTITUTE($N$1,"'","''") & "'!C232"), "") -> 48 | P66: =IFERROR(INDIRECT("'" & SUBSTITUTE($P$1,"'","''") & "'!B232"), "") -> 0.07 | Q66: =IFERROR(INDIRECT("'" & SUBSTITUTE($P$1,"'","''") & "'!C232"), "") -> 31 | R66: =IFERROR(INDIRECT("'" & SUBSTITUTE($R$1,"'","''") & "'!B232"), "") -> 0.1 | S66: =IFERROR(INDIRECT("'" & SUBSTITUTE($R$1,"'","''") & "'!C232"), "") -> 45 | T66: =IFERROR(INDIRECT("'" & SUBSTITUTE($T$1,"'","''") & "'!B232"), "") -> 0.12 | U66: =IFERROR(INDIRECT("'" & SUBSTITUTE($T$1,"'","''") & "'!C232"), "") -> 54 | V66: =IFERROR(INDIRECT("'" & SUBSTITUTE($V$1,"'","''") & "'!B232"), "") -> 0 | W66: =IFERROR(INDIRECT("'" & SUBSTITUTE($V$1,"'","''") & "'!C232"), "") -> 7 | X66: =IFERROR(INDIRECT("'" & SUBSTITUTE($X$1,"'","''") & "'!B232"), "") -> 0.05 | Y66: =IFERROR(INDIRECT("'" & SUBSTITUTE($X$1,"'","''") & "'!C232"), "") -> 21
A67: SCA (Fouls Drawn) | B67: =IFERROR(INDIRECT("'" & SUBSTITUTE($B$1,"'","''") & "'!B235"), "") -> 0.13 | C67: =IFERROR(INDIRECT("'" & SUBSTITUTE($B$1,"'","''") & "'!C235"), "") -> 78 | D67: =IFERROR(INDIRECT("'" & SUBSTITUTE($D$1,"'","''") & "'!B235"), "") -> 0.06 | E67: =IFERROR(INDIRECT("'" & SUBSTITUTE($D$1,"'","''") & "'!C235"), "") -> 47 | F67: =IFERROR(INDIRECT("'" & SUBSTITUTE($F$1,"'","''") & "'!B235"), "") -> 0.37 | G67: =IFERROR(INDIRECT("'" & SUBSTITUTE($F$1,"'","''") & "'!C235"), "") -> 99 | H67: =IFERROR(INDIRECT("'" & SUBSTITUTE($H$1,"'","''") & "'!B235"), "") -> 0.06 | I67: =IFERROR(INDIRECT("'" & SUBSTITUTE($H$1,"'","''") & "'!C235"), "") -> 49 | J67: =IFERROR(INDIRECT("'" & SUBSTITUTE($J$1,"'","''") & "'!B235"), "") -> 0 | K67: =IFERROR(INDIRECT("'" & SUBSTITUTE($J$1,"'","''") & "'!C235"), "") -> 31 | L67: =IFERROR(INDIRECT("'" & SUBSTITUTE($L$1,"'","''") & "'!B235"), "") -> 0 | M67: =IFERROR(INDIRECT("'" & SUBSTITUTE($L$1,"'","''") & "'!C235"), "") -> 14 | N67: =IFERROR(INDIRECT("'" & SUBSTITUTE($N$1,"'","''") & "'!B235"), "") -> 0.03 | O67: =IFERROR(INDIRECT("'" & SUBSTITUTE($N$1,"'","''") & "'!C235"), "") -> 32 | P67: =IFERROR(INDIRECT("'" & SUBSTITUTE($P$1,"'","''") & "'!B235"), "") -> 0.07 | Q67: =IFERROR(INDIRECT("'" & SUBSTITUTE($P$1,"'","''") & "'!C235"), "") -> 43 | R67: =IFERROR(INDIRECT("'" & SUBSTITUTE($R$1,"'","''") & "'!B235"), "") -> 0.05 | S67: =IFERROR(INDIRECT("'" & SUBSTITUTE($R$1,"'","''") & "'!C235"), "") -> 32 | T67: =IFERROR(INDIRECT("'" & SUBSTITUTE($T$1,"'","''") & "'!B235"), "") -> 0.09 | U67: =IFERROR(INDIRECT("'" & SUBSTITUTE($T$1,"'","''") & "'!C235"), "") -> 49 | V67: =IFERROR(INDIRECT("'" & SUBSTITUTE($V$1,"'","''") & "'!B235"), "") -> 0 | W67: =IFERROR(INDIRECT("'" & SUBSTITUTE($V$1,"'","''") & "'!C235"), "") -> 14 | X67: =IFERROR(INDIRECT("'" & SUBSTITUTE($X$1,"'","''") & "'!B235"), "") -> 0 | Y67: =IFERROR(INDIRECT("'" & SUBSTITUTE($X$1,"'","''") & "'!C235"), "") -> 11
A68: SCA (Defensive Action) | B68: =IFERROR(INDIRECT("'" & SUBSTITUTE($B$1,"'","''") & "'!B238"), "") -> 0.07 | C68: =IFERROR(INDIRECT("'" & SUBSTITUTE($B$1,"'","''") & "'!C238"), "") -> 68 | D68: =IFERROR(INDIRECT("'" & SUBSTITUTE($D$1,"'","''") & "'!B238"), "") -> 0.12 | E68: =IFERROR(INDIRECT("'" & SUBSTITUTE($D$1,"'","''") & "'!C238"), "") -> 91 | F68: =IFERROR(INDIRECT("'" & SUBSTITUTE($F$1,"'","''") & "'!B238"), "") -> 0 | G68: =IFERROR(INDIRECT("'" & SUBSTITUTE($F$1,"'","''") & "'!C238"), "") -> 14 | H68: =IFERROR(INDIRECT("'" & SUBSTITUTE($H$1,"'","''") & "'!B238"), "") -> 0.13 | I68: =IFERROR(INDIRECT("'" & SUBSTITUTE($H$1,"'","''") & "'!C238"), "") -> 93 | J68: =IFERROR(INDIRECT("'" & SUBSTITUTE($J$1,"'","''") & "'!B238"), "") -> 0 | K68: =IFERROR(INDIRECT("'" & SUBSTITUTE($J$1,"'","''") & "'!C238"), "") -> 27 | L68: =IFERROR(INDIRECT("'" & SUBSTITUTE($L$1,"'","''") & "'!B238"), "") -> 0 | M68: =IFERROR(INDIRECT("'" & SUBSTITUTE($L$1,"'","''") & "'!C238"), "") -> 21 | N68: =IFERROR(INDIRECT("'" & SUBSTITUTE($N$1,"'","''") & "'!B238"), "") -> 0 | O68: =IFERROR(INDIRECT("'" & SUBSTITUTE($N$1,"'","''") & "'!C238"), "") -> 21 | P68: =IFERROR(INDIRECT("'" & SUBSTITUTE($P$1,"'","''") & "'!B238"), "") -> 0 | Q68: =IFERROR(INDIRECT("'" & SUBSTITUTE($P$1,"'","''") & "'!C238"), "") -> 21 | R68: =IFERROR(INDIRECT("'" & SUBSTITUTE($R$1,"'","''") & "'!B238"), "") -> 0 | S68: =IFERROR(INDIRECT("'" & SUBSTITUTE($R$1,"'","''") & "'!C238"), "") -> 21 | T68: =IFERROR(INDIRECT("'" & SUBSTITUTE($T$1,"'","''") & "'!B238"), "") -> 0.12 | U68: =IFERROR(INDIRECT("'" & SUBSTITUTE($T$1,"'","''") & "'!C238"), "") -> 88 | V68: =IFERROR(INDIRECT("'" & SUBSTITUTE($V$1,"'","''") & "'!B238"), "") -> 0 | W68: =IFERROR(INDIRECT("'" & SUBSTITUTE($V$1,"'","''") & "'!C238"), "") -> 21 | X68: =IFERROR(INDIRECT("'" & SUBSTITUTE($X$1,"'","''") & "'!B238"), "") -> 0.05 | Y68: =IFERROR(INDIRECT("'" & SUBSTITUTE($X$1,"'","''") & "'!C238"), "") -> 58
A69: Goal-Creating Actions | B69: =IFERROR(INDIRECT("'" & SUBSTITUTE($B$1,"'","''") & "'!B242"), "") -> 0.16 | C69: =IFERROR(INDIRECT("'" & SUBSTITUTE($B$1,"'","''") & "'!C242"), "") -> 34 | D69: =IFERROR(INDIRECT("'" & SUBSTITUTE($D$1,"'","''") & "'!B242"), "") -> 0.12 | E69: =IFERROR(INDIRECT("'" & SUBSTITUTE($D$1,"'","''") & "'!C242"), "") -> 24 | F69: =IFERROR(INDIRECT("'" & SUBSTITUTE($F$1,"'","''") & "'!B242"), "") -> 0.52 | G69: =IFERROR(INDIRECT("'" & SUBSTITUTE($F$1,"'","''") & "'!C242"), "") -> 91 | H69: =IFERROR(INDIRECT("'" & SUBSTITUTE($H$1,"'","''") & "'!B242"), "") -> 0.1 | I69: =IFERROR(INDIRECT("'" & SUBSTITUTE($H$1,"'","''") & "'!C242"), "") -> 15 | J69: =IFERROR(INDIRECT("'" & SUBSTITUTE($J$1,"'","''") & "'!B242"), "") -> 0.17 | K69: =IFERROR(INDIRECT("'" & SUBSTITUTE($J$1,"'","''") & "'!C242"), "") -> 86 | L69: =IFERROR(INDIRECT("'" & SUBSTITUTE($L$1,"'","''") & "'!B242"), "") -> 0.37 | M69: =IFERROR(INDIRECT("'" & SUBSTITUTE($L$1,"'","''") & "'!C242"), "") -> 71 | N69: =IFERROR(INDIRECT("'" & SUBSTITUTE($N$1,"'","''") & "'!B242"), "") -> 0.15 | O69: =IFERROR(INDIRECT("'" & SUBSTITUTE($N$1,"'","''") & "'!C242"), "") -> 30 | P69: =IFERROR(INDIRECT("'" & SUBSTITUTE($P$1,"'","''") & "'!B242"), "") -> 0.18 | Q69: =IFERROR(INDIRECT("'" & SUBSTITUTE($P$1,"'","''") & "'!C242"), "") -> 42 | R69: =IFERROR(INDIRECT("'" & SUBSTITUTE($R$1,"'","''") & "'!B242"), "") -> 0.15 | S69: =IFERROR(INDIRECT("'" & SUBSTITUTE($R$1,"'","''") & "'!C242"), "") -> 30 | T69: =IFERROR(INDIRECT("'" & SUBSTITUTE($T$1,"'","''") & "'!B242"), "") -> 0.09 | U69: =IFERROR(INDIRECT("'" & SUBSTITUTE($T$1,"'","''") & "'!C242"), "") -> 20 | V69: =IFERROR(INDIRECT("'" & SUBSTITUTE($V$1,"'","''") & "'!B242"), "") -> 0.22 | W69: =IFERROR(INDIRECT("'" & SUBSTITUTE($V$1,"'","''") & "'!C242"), "") -> 45 | X69: =IFERROR(INDIRECT("'" & SUBSTITUTE($X$1,"'","''") & "'!B242"), "") -> 0.32 | Y69: =IFERROR(INDIRECT("'" & SUBSTITUTE($X$1,"'","''") & "'!C242"), "") -> 73
A70: GCA (Live-ball Pass) | B70: =IFERROR(INDIRECT("'" & SUBSTITUTE($B$1,"'","''") & "'!B246"), "") -> 0.16 | C70: =IFERROR(INDIRECT("'" & SUBSTITUTE($B$1,"'","''") & "'!C246"), "") -> 48 | D70: =IFERROR(INDIRECT("'" & SUBSTITUTE($D$1,"'","''") & "'!B246"), "") -> 0.12 | E70: =IFERROR(INDIRECT("'" & SUBSTITUTE($D$1,"'","''") & "'!C246"), "") -> 35 | F70: =IFERROR(INDIRECT("'" & SUBSTITUTE($F$1,"'","''") & "'!B246"), "") -> 0.42 | G70: =IFERROR(INDIRECT("'" & SUBSTITUTE($F$1,"'","''") & "'!C246"), "") -> 93 | H70: =IFERROR(INDIRECT("'" & SUBSTITUTE($H$1,"'","''") & "'!B246"), "") -> 0.06 | I70: =IFERROR(INDIRECT("'" & SUBSTITUTE($H$1,"'","''") & "'!C246"), "") -> 18 | J70: =IFERROR(INDIRECT("'" & SUBSTITUTE($J$1,"'","''") & "'!B246"), "") -> 0.11 | K70: =IFERROR(INDIRECT("'" & SUBSTITUTE($J$1,"'","''") & "'!C246"), "") -> 78 | L70: =IFERROR(INDIRECT("'" & SUBSTITUTE($L$1,"'","''") & "'!B246"), "") -> 0.29 | M70: =IFERROR(INDIRECT("'" & SUBSTITUTE($L$1,"'","''") & "'!C246"), "") -> 75 | N70: =IFERROR(INDIRECT("'" & SUBSTITUTE($N$1,"'","''") & "'!B246"), "") -> 0.12 | O70: =IFERROR(INDIRECT("'" & SUBSTITUTE($N$1,"'","''") & "'!C246"), "") -> 30 | P70: =IFERROR(INDIRECT("'" & SUBSTITUTE($P$1,"'","''") & "'!B246"), "") -> 0.11 | Q70: =IFERROR(INDIRECT("'" & SUBSTITUTE($P$1,"'","''") & "'!C246"), "") -> 37 | R70: =IFERROR(INDIRECT("'" & SUBSTITUTE($R$1,"'","''") & "'!B246"), "") -> 0.15 | S70: =IFERROR(INDIRECT("'" & SUBSTITUTE($R$1,"'","''") & "'!C246"), "") -> 50 | T70: =IFERROR(INDIRECT("'" & SUBSTITUTE($T$1,"'","''") & "'!B246"), "") -> 0.06 | U70: =IFERROR(INDIRECT("'" & SUBSTITUTE($T$1,"'","''") & "'!C246"), "") -> 23 | V70: =IFERROR(INDIRECT("'" & SUBSTITUTE($V$1,"'","''") & "'!B246"), "") -> 0.22 | W70: =IFERROR(INDIRECT("'" & SUBSTITUTE($V$1,"'","''") & "'!C246"), "") -> 64 | X70: =IFERROR(INDIRECT("'" & SUBSTITUTE($X$1,"'","''") & "'!B246"), "") -> 0.23 | Y70: =IFERROR(INDIRECT("'" & SUBSTITUTE($X$1,"'","''") & "'!C246"), "") -> 70
A71: GCA (Dead-ball Pass) | B71: =IFERROR(INDIRECT("'" & SUBSTITUTE($B$1,"'","''") & "'!B249"), "") -> 0 | C71: =IFERROR(INDIRECT("'" & SUBSTITUTE($B$1,"'","''") & "'!C249"), "") -> 35 | D71: =IFERROR(INDIRECT("'" & SUBSTITUTE($D$1,"'","''") & "'!B249"), "") -> 0 | E71: =IFERROR(INDIRECT("'" & SUBSTITUTE($D$1,"'","''") & "'!C249"), "") -> 35 | F71: =IFERROR(INDIRECT("'" & SUBSTITUTE($F$1,"'","''") & "'!B249"), "") -> 0.05 | G71: =IFERROR(INDIRECT("'" & SUBSTITUTE($F$1,"'","''") & "'!C249"), "") -> 85 | H71: =IFERROR(INDIRECT("'" & SUBSTITUTE($H$1,"'","''") & "'!B249"), "") -> 0.03 | I71: =IFERROR(INDIRECT("'" & SUBSTITUTE($H$1,"'","''") & "'!C249"), "") -> 75 | J71: =IFERROR(INDIRECT("'" & SUBSTITUTE($J$1,"'","''") & "'!B249"), "") -> 0 | K71: =IFERROR(INDIRECT("'" & SUBSTITUTE($J$1,"'","''") & "'!C249"), "") -> 47 | L71: =IFERROR(INDIRECT("'" & SUBSTITUTE($L$1,"'","''") & "'!B249"), "") -> 0.07 | M71: =IFERROR(INDIRECT("'" & SUBSTITUTE($L$1,"'","''") & "'!C249"), "") -> 88 | N71: =IFERROR(INDIRECT("'" & SUBSTITUTE($N$1,"'","''") & "'!B249"), "") -> 0 | O71: =IFERROR(INDIRECT("'" & SUBSTITUTE($N$1,"'","''") & "'!C249"), "") -> 37 | P71: =IFERROR(INDIRECT("'" & SUBSTITUTE($P$1,"'","''") & "'!B249"), "") -> 0 | Q71: =IFERROR(INDIRECT("'" & SUBSTITUTE($P$1,"'","''") & "'!C249"), "") -> 40 | R71: =IFERROR(INDIRECT("'" & SUBSTITUTE($R$1,"'","''") & "'!B249"), "") -> 0 | S71: =IFERROR(INDIRECT("'" & SUBSTITUTE($R$1,"'","''") & "'!C249"), "") -> 40 | T71: =IFERROR(INDIRECT("'" & SUBSTITUTE($T$1,"'","''") & "'!B249"), "") -> 0.03 | U71: =IFERROR(INDIRECT("'" & SUBSTITUTE($T$1,"'","''") & "'!C249"), "") -> 81 | V71: =IFERROR(INDIRECT("'" & SUBSTITUTE($V$1,"'","''") & "'!B249"), "") -> 0 | W71: =IFERROR(INDIRECT("'" & SUBSTITUTE($V$1,"'","''") & "'!C249"), "") -> 37 | X71: =IFERROR(INDIRECT("'" & SUBSTITUTE($X$1,"'","''") & "'!B249"), "") -> 0 | Y71: =IFERROR(INDIRECT("'" & SUBSTITUTE($X$1,"'","''") & "'!C249"), "") -> 37
A72: GCA (Take-On) | B72: =IFERROR(INDIRECT("'" & SUBSTITUTE($B$1,"'","''") & "'!B252"), "") -> 0 | C72: =IFERROR(INDIRECT("'" & SUBSTITUTE($B$1,"'","''") & "'!C252"), "") -> 42 | D72: =IFERROR(INDIRECT("'" & SUBSTITUTE($D$1,"'","''") & "'!B252"), "") -> 0 | E72: =IFERROR(INDIRECT("'" & SUBSTITUTE($D$1,"'","''") & "'!C252"), "") -> 42 | F72: =IFERROR(INDIRECT("'" & SUBSTITUTE($F$1,"'","''") & "'!B252"), "") -> 0 | G72: =IFERROR(INDIRECT("'" & SUBSTITUTE($F$1,"'","''") & "'!C252"), "") -> 42 | H72: =IFERROR(INDIRECT("'" & SUBSTITUTE($H$1,"'","''") & "'!B252"), "") -> 0 | I72: =IFERROR(INDIRECT("'" & SUBSTITUTE($H$1,"'","''") & "'!C252"), "") -> 42 | J72: =IFERROR(INDIRECT("'" & SUBSTITUTE($J$1,"'","''") & "'!B252"), "") -> 0 | K72: =IFERROR(INDIRECT("'" & SUBSTITUTE($J$1,"'","''") & "'!C252"), "") -> 48 | L72: =IFERROR(INDIRECT("'" & SUBSTITUTE($L$1,"'","''") & "'!B252"), "") -> 0 | M72: =IFERROR(INDIRECT("'" & SUBSTITUTE($L$1,"'","''") & "'!C252"), "") -> 41 | N72: =IFERROR(INDIRECT("'" & SUBSTITUTE($N$1,"'","''") & "'!B252"), "") -> 0 | O72: =IFERROR(INDIRECT("'" & SUBSTITUTE($N$1,"'","''") & "'!C252"), "") -> 41 | P72: =IFERROR(INDIRECT("'" & SUBSTITUTE($P$1,"'","''") & "'!B252"), "") -> 0.07 | Q72: =IFERROR(INDIRECT("'" & SUBSTITUTE($P$1,"'","''") & "'!C252"), "") -> 94 | R72: =IFERROR(INDIRECT("'" & SUBSTITUTE($R$1,"'","''") & "'!B252"), "") -> 0 | S72: =IFERROR(INDIRECT("'" & SUBSTITUTE($R$1,"'","''") & "'!C252"), "") -> 39 | T72: =IFERROR(INDIRECT("'" & SUBSTITUTE($T$1,"'","''") & "'!B252"), "") -> 0 | U72: =IFERROR(INDIRECT("'" & SUBSTITUTE($T$1,"'","''") & "'!C252"), "") -> 39 | V72: =IFERROR(INDIRECT("'" & SUBSTITUTE($V$1,"'","''") & "'!B252"), "") -> 0 | W72: =IFERROR(INDIRECT("'" & SUBSTITUTE($V$1,"'","''") & "'!C252"), "") -> 41 | X72: =IFERROR(INDIRECT("'" & SUBSTITUTE($X$1,"'","''") & "'!B252"), "") -> 0 | Y72: =IFERROR(INDIRECT("'" & SUBSTITUTE($X$1,"'","''") & "'!C252"), "") -> 40
A73: GCA (Shot) | B73: =IFERROR(INDIRECT("'" & SUBSTITUTE($B$1,"'","''") & "'!B255"), "") -> 0 | C73: =IFERROR(INDIRECT("'" & SUBSTITUTE($B$1,"'","''") & "'!C255"), "") -> 33 | D73: =IFERROR(INDIRECT("'" & SUBSTITUTE($D$1,"'","''") & "'!B255"), "") -> 0 | E73: =IFERROR(INDIRECT("'" & SUBSTITUTE($D$1,"'","''") & "'!C255"), "") -> 33 | F73: =IFERROR(INDIRECT("'" & SUBSTITUTE($F$1,"'","''") & "'!B255"), "") -> 0 | G73: =IFERROR(INDIRECT("'" & SUBSTITUTE($F$1,"'","''") & "'!C255"), "") -> 33 | H73: =IFERROR(INDIRECT("'" & SUBSTITUTE($H$1,"'","''") & "'!B255"), "") -> 0 | I73: =IFERROR(INDIRECT("'" & SUBSTITUTE($H$1,"'","''") & "'!C255"), "") -> 33 | J73: =IFERROR(INDIRECT("'" & SUBSTITUTE($J$1,"'","''") & "'!B255"), "") -> 0.06 | K73: =IFERROR(INDIRECT("'" & SUBSTITUTE($J$1,"'","''") & "'!C255"), "") -> 94 | L73: =IFERROR(INDIRECT("'" & SUBSTITUTE($L$1,"'","''") & "'!B255"), "") -> 0 | M73: =IFERROR(INDIRECT("'" & SUBSTITUTE($L$1,"'","''") & "'!C255"), "") -> 35 | N73: =IFERROR(INDIRECT("'" & SUBSTITUTE($N$1,"'","''") & "'!B255"), "") -> 0 | O73: =IFERROR(INDIRECT("'" & SUBSTITUTE($N$1,"'","''") & "'!C255"), "") -> 35 | P73: =IFERROR(INDIRECT("'" & SUBSTITUTE($P$1,"'","''") & "'!B255"), "") -> 0 | Q73: =IFERROR(INDIRECT("'" & SUBSTITUTE($P$1,"'","''") & "'!C255"), "") -> 36 | R73: =IFERROR(INDIRECT("'" & SUBSTITUTE($R$1,"'","''") & "'!B255"), "") -> 0 | S73: =IFERROR(INDIRECT("'" & SUBSTITUTE($R$1,"'","''") & "'!C255"), "") -> 36 | T73: =IFERROR(INDIRECT("'" & SUBSTITUTE($T$1,"'","''") & "'!B255"), "") -> 0 | U73: =IFERROR(INDIRECT("'" & SUBSTITUTE($T$1,"'","''") & "'!C255"), "") -> 36 | V73: =IFERROR(INDIRECT("'" & SUBSTITUTE($V$1,"'","''") & "'!B255"), "") -> 0 | W73: =IFERROR(INDIRECT("'" & SUBSTITUTE($V$1,"'","''") & "'!C255"), "") -> 35 | X73: =IFERROR(INDIRECT("'" & SUBSTITUTE($X$1,"'","''") & "'!B255"), "") -> 0.05 | Y73: =IFERROR(INDIRECT("'" & SUBSTITUTE($X$1,"'","''") & "'!C255"), "") -> 83
A74: GCA (Fouls Drawn) | B74: =IFERROR(INDIRECT("'" & SUBSTITUTE($B$1,"'","''") & "'!B258"), "") -> 0 | C74: =IFERROR(INDIRECT("'" & SUBSTITUTE($B$1,"'","''") & "'!C258"), "") -> 38 | D74: =IFERROR(INDIRECT("'" & SUBSTITUTE($D$1,"'","''") & "'!B258"), "") -> 0 | E74: =IFERROR(INDIRECT("'" & SUBSTITUTE($D$1,"'","''") & "'!C258"), "") -> 38 | F74: =IFERROR(INDIRECT("'" & SUBSTITUTE($F$1,"'","''") & "'!B258"), "") -> 0.05 | G74: =IFERROR(INDIRECT("'" & SUBSTITUTE($F$1,"'","''") & "'!C258"), "") -> 95 | H74: =IFERROR(INDIRECT("'" & SUBSTITUTE($H$1,"'","''") & "'!B258"), "") -> 0 | I74: =IFERROR(INDIRECT("'" & SUBSTITUTE($H$1,"'","''") & "'!C258"), "") -> 38 | J74: =IFERROR(INDIRECT("'" & SUBSTITUTE($J$1,"'","''") & "'!B258"), "") -> 0 | K74: =IFERROR(INDIRECT("'" & SUBSTITUTE($J$1,"'","''") & "'!C258"), "") -> 43 | L74: =IFERROR(INDIRECT("'" & SUBSTITUTE($L$1,"'","''") & "'!B258"), "") -> 0 | M74: =IFERROR(INDIRECT("'" & SUBSTITUTE($L$1,"'","''") & "'!C258"), "") -> 38 | N74: =IFERROR(INDIRECT("'" & SUBSTITUTE($N$1,"'","''") & "'!B258"), "") -> 0.03 | O74: =IFERROR(INDIRECT("'" & SUBSTITUTE($N$1,"'","''") & "'!C258"), "") -> 82 | P74: =IFERROR(INDIRECT("'" & SUBSTITUTE($P$1,"'","''") & "'!B258"), "") -> 0 | Q74: =IFERROR(INDIRECT("'" & SUBSTITUTE($P$1,"'","''") & "'!C258"), "") -> 36 | R74: =IFERROR(INDIRECT("'" & SUBSTITUTE($R$1,"'","''") & "'!B258"), "") -> 0 | S74: =IFERROR(INDIRECT("'" & SUBSTITUTE($R$1,"'","''") & "'!C258"), "") -> 36 | T74: =IFERROR(INDIRECT("'" & SUBSTITUTE($T$1,"'","''") & "'!B258"), "") -> 0 | U74: =IFERROR(INDIRECT("'" & SUBSTITUTE($T$1,"'","''") & "'!C258"), "") -> 36 | V74: =IFERROR(INDIRECT("'" & SUBSTITUTE($V$1,"'","''") & "'!B258"), "") -> 0 | W74: =IFERROR(INDIRECT("'" & SUBSTITUTE($V$1,"'","''") & "'!C258"), "") -> 38 | X74: =IFERROR(INDIRECT("'" & SUBSTITUTE($X$1,"'","''") & "'!B258"), "") -> 0 | Y74: =IFERROR(INDIRECT("'" & SUBSTITUTE($X$1,"'","''") & "'!C258"), "") -> 41
A75: GCA (Defensive Action) | B75: =IFERROR(INDIRECT("'" & SUBSTITUTE($B$1,"'","''") & "'!B261"), "") -> 0 | C75: =IFERROR(INDIRECT("'" & SUBSTITUTE($B$1,"'","''") & "'!C261"), "") -> 44 | D75: =IFERROR(INDIRECT("'" & SUBSTITUTE($D$1,"'","''") & "'!B261"), "") -> 0 | E75: =IFERROR(INDIRECT("'" & SUBSTITUTE($D$1,"'","''") & "'!C261"), "") -> 44 | F75: =IFERROR(INDIRECT("'" & SUBSTITUTE($F$1,"'","''") & "'!B261"), "") -> 0 | G75: =IFERROR(INDIRECT("'" & SUBSTITUTE($F$1,"'","''") & "'!C261"), "") -> 44 | H75: =IFERROR(INDIRECT("'" & SUBSTITUTE($H$1,"'","''") & "'!B261"), "") -> 0 | I75: =IFERROR(INDIRECT("'" & SUBSTITUTE($H$1,"'","''") & "'!C261"), "") -> 44 | J75: =IFERROR(INDIRECT("'" & SUBSTITUTE($J$1,"'","''") & "'!B261"), "") -> 0 | K75: =IFERROR(INDIRECT("'" & SUBSTITUTE($J$1,"'","''") & "'!C261"), "") -> 47 | L75: =IFERROR(INDIRECT("'" & SUBSTITUTE($L$1,"'","''") & "'!B261"), "") -> 0 | M75: =IFERROR(INDIRECT("'" & SUBSTITUTE($L$1,"'","''") & "'!C261"), "") -> 44 | N75: =IFERROR(INDIRECT("'" & SUBSTITUTE($N$1,"'","''") & "'!B261"), "") -> 0 | O75: =IFERROR(INDIRECT("'" & SUBSTITUTE($N$1,"'","''") & "'!C261"), "") -> 44 | P75: =IFERROR(INDIRECT("'" & SUBSTITUTE($P$1,"'","''") & "'!B261"), "") -> 0 | Q75: =IFERROR(INDIRECT("'" & SUBSTITUTE($P$1,"'","''") & "'!C261"), "") -> 44 | R75: =IFERROR(INDIRECT("'" & SUBSTITUTE($R$1,"'","''") & "'!B261"), "") -> 0 | S75: =IFERROR(INDIRECT("'" & SUBSTITUTE($R$1,"'","''") & "'!C261"), "") -> 44 | T75: =IFERROR(INDIRECT("'" & SUBSTITUTE($T$1,"'","''") & "'!B261"), "") -> 0 | U75: =IFERROR(INDIRECT("'" & SUBSTITUTE($T$1,"'","''") & "'!C261"), "") -> 44 | V75: =IFERROR(INDIRECT("'" & SUBSTITUTE($V$1,"'","''") & "'!B261"), "") -> 0 | W75: =IFERROR(INDIRECT("'" & SUBSTITUTE($V$1,"'","''") & "'!C261"), "") -> 44 | X75: =IFERROR(INDIRECT("'" & SUBSTITUTE($X$1,"'","''") & "'!B261"), "") -> 0.05 | Y75: =IFERROR(INDIRECT("'" & SUBSTITUTE($X$1,"'","''") & "'!C261"), "") -> 97
A76: Tackles | B76: =IFERROR(INDIRECT("'" & SUBSTITUTE($B$1,"'","''") & "'!B266"), "") -> 2.05 | C76: =IFERROR(INDIRECT("'" & SUBSTITUTE($B$1,"'","''") & "'!C266"), "") -> 54 | D76: =IFERROR(INDIRECT("'" & SUBSTITUTE($D$1,"'","''") & "'!B266"), "") -> 3.27 | E76: =IFERROR(INDIRECT("'" & SUBSTITUTE($D$1,"'","''") & "'!C266"), "") -> 95 | F76: =IFERROR(INDIRECT("'" & SUBSTITUTE($F$1,"'","''") & "'!B266"), "") -> 2.25 | G76: =IFERROR(INDIRECT("'" & SUBSTITUTE($F$1,"'","''") & "'!C266"), "") -> 62 | H76: =IFERROR(INDIRECT("'" & SUBSTITUTE($H$1,"'","''") & "'!B266"), "") -> 3.17 | I76: =IFERROR(INDIRECT("'" & SUBSTITUTE($H$1,"'","''") & "'!C266"), "") -> 94 | J76: =IFERROR(INDIRECT("'" & SUBSTITUTE($J$1,"'","''") & "'!B266"), "") -> 0.94 | K76: =IFERROR(INDIRECT("'" & SUBSTITUTE($J$1,"'","''") & "'!C266"), "") -> 9 | L76: =IFERROR(INDIRECT("'" & SUBSTITUTE($L$1,"'","''") & "'!B266"), "") -> 1.91 | M76: =IFERROR(INDIRECT("'" & SUBSTITUTE($L$1,"'","''") & "'!C266"), "") -> 40 | N76: =IFERROR(INDIRECT("'" & SUBSTITUTE($N$1,"'","''") & "'!B266"), "") -> 2.73 | O76: =IFERROR(INDIRECT("'" & SUBSTITUTE($N$1,"'","''") & "'!C266"), "") -> 78 | P76: =IFERROR(INDIRECT("'" & SUBSTITUTE($P$1,"'","''") & "'!B266"), "") -> 2.44 | Q76: =IFERROR(INDIRECT("'" & SUBSTITUTE($P$1,"'","''") & "'!C266"), "") -> 67 | R76: =IFERROR(INDIRECT("'" & SUBSTITUTE($R$1,"'","''") & "'!B266"), "") -> 2.58 | S76: =IFERROR(INDIRECT("'" & SUBSTITUTE($R$1,"'","''") & "'!C266"), "") -> 79 | T76: =IFERROR(INDIRECT("'" & SUBSTITUTE($T$1,"'","''") & "'!B266"), "") -> 2.36 | U76: =IFERROR(INDIRECT("'" & SUBSTITUTE($T$1,"'","''") & "'!C266"), "") -> 63 | V76: =IFERROR(INDIRECT("'" & SUBSTITUTE($V$1,"'","''") & "'!B266"), "") -> 3.85 | W76: =IFERROR(INDIRECT("'" & SUBSTITUTE($V$1,"'","''") & "'!C266"), "") -> 97 | X76: =IFERROR(INDIRECT("'" & SUBSTITUTE($X$1,"'","''") & "'!B266"), "") -> 1.94 | Y76: =IFERROR(INDIRECT("'" & SUBSTITUTE($X$1,"'","''") & "'!C266"), "") -> 44
A77: Tackles Won | B77: =IFERROR(INDIRECT("'" & SUBSTITUTE($B$1,"'","''") & "'!B269"), "") -> 0.97 | C77: =IFERROR(INDIRECT("'" & SUBSTITUTE($B$1,"'","''") & "'!C269"), "") -> 31 | D77: =IFERROR(INDIRECT("'" & SUBSTITUTE($D$1,"'","''") & "'!B269"), "") -> 2.06 | E77: =IFERROR(INDIRECT("'" & SUBSTITUTE($D$1,"'","''") & "'!C269"), "") -> 97 | F77: =IFERROR(INDIRECT("'" & SUBSTITUTE($F$1,"'","''") & "'!B269"), "") -> 1.36 | G77: =IFERROR(INDIRECT("'" & SUBSTITUTE($F$1,"'","''") & "'!C269"), "") -> 66 | H77: =IFERROR(INDIRECT("'" & SUBSTITUTE($H$1,"'","''") & "'!B269"), "") -> 1.86 | I77: =IFERROR(INDIRECT("'" & SUBSTITUTE($H$1,"'","''") & "'!C269"), "") -> 93 | J77: =IFERROR(INDIRECT("'" & SUBSTITUTE($J$1,"'","''") & "'!B269"), "") -> 0.57 | K77: =IFERROR(INDIRECT("'" & SUBSTITUTE($J$1,"'","''") & "'!C269"), "") -> 11 | L77: =IFERROR(INDIRECT("'" & SUBSTITUTE($L$1,"'","''") & "'!B269"), "") -> 0.96 | M77: =IFERROR(INDIRECT("'" & SUBSTITUTE($L$1,"'","''") & "'!C269"), "") -> 29 | N77: =IFERROR(INDIRECT("'" & SUBSTITUTE($N$1,"'","''") & "'!B269"), "") -> 1.76 | O77: =IFERROR(INDIRECT("'" & SUBSTITUTE($N$1,"'","''") & "'!C269"), "") -> 84 | P77: =IFERROR(INDIRECT("'" & SUBSTITUTE($P$1,"'","''") & "'!B269"), "") -> 1.57 | Q77: =IFERROR(INDIRECT("'" & SUBSTITUTE($P$1,"'","''") & "'!C269"), "") -> 80 | R77: =IFERROR(INDIRECT("'" & SUBSTITUTE($R$1,"'","''") & "'!B269"), "") -> 1.52 | S77: =IFERROR(INDIRECT("'" & SUBSTITUTE($R$1,"'","''") & "'!C269"), "") -> 75 | T77: =IFERROR(INDIRECT("'" & SUBSTITUTE($T$1,"'","''") & "'!B269"), "") -> 1.28 | U77: =IFERROR(INDIRECT("'" & SUBSTITUTE($T$1,"'","''") & "'!C269"), "") -> 58 | V77: =IFERROR(INDIRECT("'" & SUBSTITUTE($V$1,"'","''") & "'!B269"), "") -> 2.53 | W77: =IFERROR(INDIRECT("'" & SUBSTITUTE($V$1,"'","''") & "'!C269"), "") -> 98 | X77: =IFERROR(INDIRECT("'" & SUBSTITUTE($X$1,"'","''") & "'!B269"), "") -> 0.78 | Y77: =IFERROR(INDIRECT("'" & SUBSTITUTE($X$1,"'","''") & "'!C269"), "") -> 27
A78: Tackles (Def 3rd) | B78: =IFERROR(INDIRECT("'" & SUBSTITUTE($B$1,"'","''") & "'!B272"), "") -> 0.94 | C78: =IFERROR(INDIRECT("'" & SUBSTITUTE($B$1,"'","''") & "'!C272"), "") -> 67 | D78: =IFERROR(INDIRECT("'" & SUBSTITUTE($D$1,"'","''") & "'!B272"), "") -> 1.39 | E78: =IFERROR(INDIRECT("'" & SUBSTITUTE($D$1,"'","''") & "'!C272"), "") -> 94 | F78: =IFERROR(INDIRECT("'" & SUBSTITUTE($F$1,"'","''") & "'!B272"), "") -> 1.04 | G78: =IFERROR(INDIRECT("'" & SUBSTITUTE($F$1,"'","''") & "'!C272"), "") -> 76 | H78: =IFERROR(INDIRECT("'" & SUBSTITUTE($H$1,"'","''") & "'!B272"), "") -> 1.44 | I78: =IFERROR(INDIRECT("'" & SUBSTITUTE($H$1,"'","''") & "'!C272"), "") -> 95 | J78: =IFERROR(INDIRECT("'" & SUBSTITUTE($J$1,"'","''") & "'!B272"), "") -> 0.6 | K78: =IFERROR(INDIRECT("'" & SUBSTITUTE($J$1,"'","''") & "'!C272"), "") -> 15 | L78: =IFERROR(INDIRECT("'" & SUBSTITUTE($L$1,"'","''") & "'!B272"), "") -> 0.81 | M78: =IFERROR(INDIRECT("'" & SUBSTITUTE($L$1,"'","''") & "'!C272"), "") -> 47 | N78: =IFERROR(INDIRECT("'" & SUBSTITUTE($N$1,"'","''") & "'!B272"), "") -> 1.39 | O78: =IFERROR(INDIRECT("'" & SUBSTITUTE($N$1,"'","''") & "'!C272"), "") -> 82 | P78: =IFERROR(INDIRECT("'" & SUBSTITUTE($P$1,"'","''") & "'!B272"), "") -> 1.31 | Q78: =IFERROR(INDIRECT("'" & SUBSTITUTE($P$1,"'","''") & "'!C272"), "") -> 86 | R78: =IFERROR(INDIRECT("'" & SUBSTITUTE($R$1,"'","''") & "'!B272"), "") -> 1.21 | S78: =IFERROR(INDIRECT("'" & SUBSTITUTE($R$1,"'","''") & "'!C272"), "") -> 79 | T78: =IFERROR(INDIRECT("'" & SUBSTITUTE($T$1,"'","''") & "'!B272"), "") -> 0.92 | U78: =IFERROR(INDIRECT("'" & SUBSTITUTE($T$1,"'","''") & "'!C272"), "") -> 55 | V78: =IFERROR(INDIRECT("'" & SUBSTITUTE($V$1,"'","''") & "'!B272"), "") -> 1.76 | W78: =IFERROR(INDIRECT("'" & SUBSTITUTE($V$1,"'","''") & "'!C272"), "") -> 91 | X78: =IFERROR(INDIRECT("'" & SUBSTITUTE($X$1,"'","''") & "'!B272"), "") -> 1.15 | Y78: =IFERROR(INDIRECT("'" & SUBSTITUTE($X$1,"'","''") & "'!C272"), "") -> 77
A79: Tackles (Mid 3rd) | B79: =IFERROR(INDIRECT("'" & SUBSTITUTE($B$1,"'","''") & "'!B275"), "") -> 0.75 | C79: =IFERROR(INDIRECT("'" & SUBSTITUTE($B$1,"'","''") & "'!C275"), "") -> 29 | D79: =IFERROR(INDIRECT("'" & SUBSTITUTE($D$1,"'","''") & "'!B275"), "") -> 1.67 | E79: =IFERROR(INDIRECT("'" & SUBSTITUTE($D$1,"'","''") & "'!C275"), "") -> 97 | F79: =IFERROR(INDIRECT("'" & SUBSTITUTE($F$1,"'","''") & "'!B275"), "") -> 1.1 | G79: =IFERROR(INDIRECT("'" & SUBSTITUTE($F$1,"'","''") & "'!C275"), "") -> 70 | H79: =IFERROR(INDIRECT("'" & SUBSTITUTE($H$1,"'","''") & "'!B275"), "") -> 1.38 | I79: =IFERROR(INDIRECT("'" & SUBSTITUTE($H$1,"'","''") & "'!C275"), "") -> 87 | J79: =IFERROR(INDIRECT("'" & SUBSTITUTE($J$1,"'","''") & "'!B275"), "") -> 0.17 | K79: =IFERROR(INDIRECT("'" & SUBSTITUTE($J$1,"'","''") & "'!C275"), "") -> 2 | L79: =IFERROR(INDIRECT("'" & SUBSTITUTE($L$1,"'","''") & "'!B275"), "") -> 0.74 | M79: =IFERROR(INDIRECT("'" & SUBSTITUTE($L$1,"'","''") & "'!C275"), "") -> 32 | N79: =IFERROR(INDIRECT("'" & SUBSTITUTE($N$1,"'","''") & "'!B275"), "") -> 1 | O79: =IFERROR(INDIRECT("'" & SUBSTITUTE($N$1,"'","''") & "'!C275"), "") -> 65 | P79: =IFERROR(INDIRECT("'" & SUBSTITUTE($P$1,"'","''") & "'!B275"), "") -> 0.8 | Q79: =IFERROR(INDIRECT("'" & SUBSTITUTE($P$1,"'","''") & "'!C275"), "") -> 37 | R79: =IFERROR(INDIRECT("'" & SUBSTITUTE($R$1,"'","''") & "'!B275"), "") -> 1.06 | S79: =IFERROR(INDIRECT("'" & SUBSTITUTE($R$1,"'","''") & "'!C275"), "") -> 64 | T79: =IFERROR(INDIRECT("'" & SUBSTITUTE($T$1,"'","''") & "'!B275"), "") -> 0.98 | U79: =IFERROR(INDIRECT("'" & SUBSTITUTE($T$1,"'","''") & "'!C275"), "") -> 57 | V79: =IFERROR(INDIRECT("'" & SUBSTITUTE($V$1,"'","''") & "'!B275"), "") -> 1.87 | W79: =IFERROR(INDIRECT("'" & SUBSTITUTE($V$1,"'","''") & "'!C275"), "") -> 99 | X79: =IFERROR(INDIRECT("'" & SUBSTITUTE($X$1,"'","''") & "'!B275"), "") -> 0.65 | Y79: =IFERROR(INDIRECT("'" & SUBSTITUTE($X$1,"'","''") & "'!C275"), "") -> 29
A80: Tackles (Att 3rd) | B80: =IFERROR(INDIRECT("'" & SUBSTITUTE($B$1,"'","''") & "'!B278"), "") -> 0.36 | C80: =IFERROR(INDIRECT("'" & SUBSTITUTE($B$1,"'","''") & "'!C278"), "") -> 76 | D80: =IFERROR(INDIRECT("'" & SUBSTITUTE($D$1,"'","''") & "'!B278"), "") -> 0.21 | E80: =IFERROR(INDIRECT("'" & SUBSTITUTE($D$1,"'","''") & "'!C278"), "") -> 33 | F80: =IFERROR(INDIRECT("'" & SUBSTITUTE($F$1,"'","''") & "'!B278"), "") -> 0.1 | G80: =IFERROR(INDIRECT("'" & SUBSTITUTE($F$1,"'","''") & "'!C278"), "") -> 9 | H80: =IFERROR(INDIRECT("'" & SUBSTITUTE($H$1,"'","''") & "'!B278"), "") -> 0.35 | I80: =IFERROR(INDIRECT("'" & SUBSTITUTE($H$1,"'","''") & "'!C278"), "") -> 75 | J80: =IFERROR(INDIRECT("'" & SUBSTITUTE($J$1,"'","''") & "'!B278"), "") -> 0.17 | K80: =IFERROR(INDIRECT("'" & SUBSTITUTE($J$1,"'","''") & "'!C278"), "") -> 84 | L80: =IFERROR(INDIRECT("'" & SUBSTITUTE($L$1,"'","''") & "'!B278"), "") -> 0.37 | M80: =IFERROR(INDIRECT("'" & SUBSTITUTE($L$1,"'","''") & "'!C278"), "") -> 68 | N80: =IFERROR(INDIRECT("'" & SUBSTITUTE($N$1,"'","''") & "'!B278"), "") -> 0.33 | O80: =IFERROR(INDIRECT("'" & SUBSTITUTE($N$1,"'","''") & "'!C278"), "") -> 61 | P80: =IFERROR(INDIRECT("'" & SUBSTITUTE($P$1,"'","''") & "'!B278"), "") -> 0.33 | Q80: =IFERROR(INDIRECT("'" & SUBSTITUTE($P$1,"'","''") & "'!C278"), "") -> 62 | R80: =IFERROR(INDIRECT("'" & SUBSTITUTE($R$1,"'","''") & "'!B278"), "") -> 0.3 | S80: =IFERROR(INDIRECT("'" & SUBSTITUTE($R$1,"'","''") & "'!C278"), "") -> 58 | T80: =IFERROR(INDIRECT("'" & SUBSTITUTE($T$1,"'","''") & "'!B278"), "") -> 0.45 | U80: =IFERROR(INDIRECT("'" & SUBSTITUTE($T$1,"'","''") & "'!C278"), "") -> 82 | V80: =IFERROR(INDIRECT("'" & SUBSTITUTE($V$1,"'","''") & "'!B278"), "") -> 0.22 | W80: =IFERROR(INDIRECT("'" & SUBSTITUTE($V$1,"'","''") & "'!C278"), "") -> 30 | X80: =IFERROR(INDIRECT("'" & SUBSTITUTE($X$1,"'","''") & "'!B278"), "") -> 0.14 | Y80: =IFERROR(INDIRECT("'" & SUBSTITUTE($X$1,"'","''") & "'!C278"), "") -> 29
A81: Dribblers Tackled | B81: =IFERROR(INDIRECT("'" & SUBSTITUTE($B$1,"'","''") & "'!B282"), "") -> 1.14 | C81: =IFERROR(INDIRECT("'" & SUBSTITUTE($B$1,"'","''") & "'!C282"), "") -> 74 | D81: =IFERROR(INDIRECT("'" & SUBSTITUTE($D$1,"'","''") & "'!B282"), "") -> 1.79 | E81: =IFERROR(INDIRECT("'" & SUBSTITUTE($D$1,"'","''") & "'!C282"), "") -> 98 | F81: =IFERROR(INDIRECT("'" & SUBSTITUTE($F$1,"'","''") & "'!B282"), "") -> 0.68 | G81: =IFERROR(INDIRECT("'" & SUBSTITUTE($F$1,"'","''") & "'!C282"), "") -> 20 | H81: =IFERROR(INDIRECT("'" & SUBSTITUTE($H$1,"'","''") & "'!B282"), "") -> 1.28 | I81: =IFERROR(INDIRECT("'" & SUBSTITUTE($H$1,"'","''") & "'!C282"), "") -> 83 | J81: =IFERROR(INDIRECT("'" & SUBSTITUTE($J$1,"'","''") & "'!B282"), "") -> 0.51 | K81: =IFERROR(INDIRECT("'" & SUBSTITUTE($J$1,"'","''") & "'!C282"), "") -> 17 | L81: =IFERROR(INDIRECT("'" & SUBSTITUTE($L$1,"'","''") & "'!B282"), "") -> 1.03 | M81: =IFERROR(INDIRECT("'" & SUBSTITUTE($L$1,"'","''") & "'!C282"), "") -> 59 | N81: =IFERROR(INDIRECT("'" & SUBSTITUTE($N$1,"'","''") & "'!B282"), "") -> 0.76 | O81: =IFERROR(INDIRECT("'" & SUBSTITUTE($N$1,"'","''") & "'!C282"), "") -> 34 | P81: =IFERROR(INDIRECT("'" & SUBSTITUTE($P$1,"'","''") & "'!B282"), "") -> 1.02 | Q81: =IFERROR(INDIRECT("'" & SUBSTITUTE($P$1,"'","''") & "'!C282"), "") -> 74 | R81: =IFERROR(INDIRECT("'" & SUBSTITUTE($R$1,"'","''") & "'!B282"), "") -> 0.96 | S81: =IFERROR(INDIRECT("'" & SUBSTITUTE($R$1,"'","''") & "'!C282"), "") -> 67 | T81: =IFERROR(INDIRECT("'" & SUBSTITUTE($T$1,"'","''") & "'!B282"), "") -> 0.95 | U81: =IFERROR(INDIRECT("'" & SUBSTITUTE($T$1,"'","''") & "'!C282"), "") -> 65 | V81: =IFERROR(INDIRECT("'" & SUBSTITUTE($V$1,"'","''") & "'!B282"), "") -> 0.99 | W81: =IFERROR(INDIRECT("'" & SUBSTITUTE($V$1,"'","''") & "'!C282"), "") -> 57 | X81: =IFERROR(INDIRECT("'" & SUBSTITUTE($X$1,"'","''") & "'!B282"), "") -> 1.02 | Y81: =IFERROR(INDIRECT("'" & SUBSTITUTE($X$1,"'","''") & "'!C282"), "") -> 67
A82: Dribbles Challenged | B82: =IFERROR(INDIRECT("'" & SUBSTITUTE($B$1,"'","''") & "'!B285"), "") -> 1.98 | C82: =IFERROR(INDIRECT("'" & SUBSTITUTE($B$1,"'","''") & "'!C285"), "") -> 61 | D82: =IFERROR(INDIRECT("'" & SUBSTITUTE($D$1,"'","''") & "'!B285"), "") -> 3.63 | E82: =IFERROR(INDIRECT("'" & SUBSTITUTE($D$1,"'","''") & "'!C285"), "") -> 99 | F82: =IFERROR(INDIRECT("'" & SUBSTITUTE($F$1,"'","''") & "'!B285"), "") -> 0.94 | G82: =IFERROR(INDIRECT("'" & SUBSTITUTE($F$1,"'","''") & "'!C285"), "") -> 5 | H82: =IFERROR(INDIRECT("'" & SUBSTITUTE($H$1,"'","''") & "'!B285"), "") -> 2.56 | I82: =IFERROR(INDIRECT("'" & SUBSTITUTE($H$1,"'","''") & "'!C285"), "") -> 86 | J82: =IFERROR(INDIRECT("'" & SUBSTITUTE($J$1,"'","''") & "'!B285"), "") -> 0.94 | K82: =IFERROR(INDIRECT("'" & SUBSTITUTE($J$1,"'","''") & "'!C285"), "") -> 29 | L82: =IFERROR(INDIRECT("'" & SUBSTITUTE($L$1,"'","''") & "'!B285"), "") -> 1.69 | M82: =IFERROR(INDIRECT("'" & SUBSTITUTE($L$1,"'","''") & "'!C285"), "") -> 36 | N82: =IFERROR(INDIRECT("'" & SUBSTITUTE($N$1,"'","''") & "'!B285"), "") -> 1.43 | O82: =IFERROR(INDIRECT("'" & SUBSTITUTE($N$1,"'","''") & "'!C285"), "") -> 16 | P82: =IFERROR(INDIRECT("'" & SUBSTITUTE($P$1,"'","''") & "'!B285"), "") -> 2.23 | Q82: =IFERROR(INDIRECT("'" & SUBSTITUTE($P$1,"'","''") & "'!C285"), "") -> 68 | R82: =IFERROR(INDIRECT("'" & SUBSTITUTE($R$1,"'","''") & "'!B285"), "") -> 2.33 | S82: =IFERROR(INDIRECT("'" & SUBSTITUTE($R$1,"'","''") & "'!C285"), "") -> 73 | T82: =IFERROR(INDIRECT("'" & SUBSTITUTE($T$1,"'","''") & "'!B285"), "") -> 2.27 | U82: =IFERROR(INDIRECT("'" & SUBSTITUTE($T$1,"'","''") & "'!C285"), "") -> 69 | V82: =IFERROR(INDIRECT("'" & SUBSTITUTE($V$1,"'","''") & "'!B285"), "") -> 2.31 | W82: =IFERROR(INDIRECT("'" & SUBSTITUTE($V$1,"'","''") & "'!C285"), "") -> 68 | X82: =IFERROR(INDIRECT("'" & SUBSTITUTE($X$1,"'","''") & "'!B285"), "") -> 2.31 | Y82: =IFERROR(INDIRECT("'" & SUBSTITUTE($X$1,"'","''") & "'!C285"), "") -> 61
A83: % of Dribblers Tackled | B83: =IFERROR(INDIRECT("'" & SUBSTITUTE($B$1,"'","''") & "'!B288"), "") -> 0.574 | C83: =IFERROR(INDIRECT("'" & SUBSTITUTE($B$1,"'","''") & "'!C288"), "") -> 77 | D83: =IFERROR(INDIRECT("'" & SUBSTITUTE($D$1,"'","''") & "'!B288"), "") -> 0.492 | E83: =IFERROR(INDIRECT("'" & SUBSTITUTE($D$1,"'","''") & "'!C288"), "") -> 45 | F83: =IFERROR(INDIRECT("'" & SUBSTITUTE($F$1,"'","''") & "'!B288"), "") -> 0.722 | G83: =IFERROR(INDIRECT("'" & SUBSTITUTE($F$1,"'","''") & "'!C288"), "") -> 97 | H83: =IFERROR(INDIRECT("'" & SUBSTITUTE($H$1,"'","''") & "'!B288"), "") -> 0.5 | I83: =IFERROR(INDIRECT("'" & SUBSTITUTE($H$1,"'","''") & "'!C288"), "") -> 49 | J83: =IFERROR(INDIRECT("'" & SUBSTITUTE($J$1,"'","''") & "'!B288"), "") -> 0.545 | K83: =IFERROR(INDIRECT("'" & SUBSTITUTE($J$1,"'","''") & "'!C288"), "") -> 13 | L83: =IFERROR(INDIRECT("'" & SUBSTITUTE($L$1,"'","''") & "'!B288"), "") -> 0.609 | M83: =IFERROR(INDIRECT("'" & SUBSTITUTE($L$1,"'","''") & "'!C288"), "") -> 91 | N83: =IFERROR(INDIRECT("'" & SUBSTITUTE($N$1,"'","''") & "'!B288"), "") -> 0.532 | O83: =IFERROR(INDIRECT("'" & SUBSTITUTE($N$1,"'","''") & "'!C288"), "") -> 76 | P83: =IFERROR(INDIRECT("'" & SUBSTITUTE($P$1,"'","''") & "'!B288"), "") -> 0.459 | Q83: =IFERROR(INDIRECT("'" & SUBSTITUTE($P$1,"'","''") & "'!C288"), "") -> 58 | R83: =IFERROR(INDIRECT("'" & SUBSTITUTE($R$1,"'","''") & "'!B288"), "") -> 0.413 | S83: =IFERROR(INDIRECT("'" & SUBSTITUTE($R$1,"'","''") & "'!C288"), "") -> 43 | T83: =IFERROR(INDIRECT("'" & SUBSTITUTE($T$1,"'","''") & "'!B288"), "") -> 0.421 | U83: =IFERROR(INDIRECT("'" & SUBSTITUTE($T$1,"'","''") & "'!C288"), "") -> 50 | V83: =IFERROR(INDIRECT("'" & SUBSTITUTE($V$1,"'","''") & "'!B288"), "") -> 0.429 | W83: =IFERROR(INDIRECT("'" & SUBSTITUTE($V$1,"'","''") & "'!C288"), "") -> 43 | X83: =IFERROR(INDIRECT("'" & SUBSTITUTE($X$1,"'","''") & "'!B288"), "") -> 0.44 | Y83: =IFERROR(INDIRECT("'" & SUBSTITUTE($X$1,"'","''") & "'!C288"), "") -> 67
A84: Challenges Lost | B84: =IFERROR(INDIRECT("'" & SUBSTITUTE($B$1,"'","''") & "'!B291"), "") -> 0.84 | C84: =IFERROR(INDIRECT("'" & SUBSTITUTE($B$1,"'","''") & "'!C291"), "") -> 53 | D84: =IFERROR(INDIRECT("'" & SUBSTITUTE($D$1,"'","''") & "'!B291"), "") -> 1.85 | E84: =IFERROR(INDIRECT("'" & SUBSTITUTE($D$1,"'","''") & "'!C291"), "") -> 2 | F84: =IFERROR(INDIRECT("'" & SUBSTITUTE($F$1,"'","''") & "'!B291"), "") -> 0.26 | G84: =IFERROR(INDIRECT("'" & SUBSTITUTE($F$1,"'","''") & "'!C291"), "") -> 99 | H84: =IFERROR(INDIRECT("'" & SUBSTITUTE($H$1,"'","''") & "'!B291"), "") -> 1.28 | I84: =IFERROR(INDIRECT("'" & SUBSTITUTE($H$1,"'","''") & "'!C291"), "") -> 18 | J84: =IFERROR(INDIRECT("'" & SUBSTITUTE($J$1,"'","''") & "'!B291"), "") -> 0.43 | K84: =IFERROR(INDIRECT("'" & SUBSTITUTE($J$1,"'","''") & "'!C291"), "") -> 45 | L84: =IFERROR(INDIRECT("'" & SUBSTITUTE($L$1,"'","''") & "'!B291"), "") -> 0.66 | M84: =IFERROR(INDIRECT("'" & SUBSTITUTE($L$1,"'","''") & "'!C291"), "") -> 86 | N84: =IFERROR(INDIRECT("'" & SUBSTITUTE($N$1,"'","''") & "'!B291"), "") -> 0.67 | O84: =IFERROR(INDIRECT("'" & SUBSTITUTE($N$1,"'","''") & "'!C291"), "") -> 85 | P84: =IFERROR(INDIRECT("'" & SUBSTITUTE($P$1,"'","''") & "'!B291"), "") -> 1.2 | Q84: =IFERROR(INDIRECT("'" & SUBSTITUTE($P$1,"'","''") & "'!C291"), "") -> 37 | R84: =IFERROR(INDIRECT("'" & SUBSTITUTE($R$1,"'","''") & "'!B291"), "") -> 1.37 | S84: =IFERROR(INDIRECT("'" & SUBSTITUTE($R$1,"'","''") & "'!C291"), "") -> 26 | T84: =IFERROR(INDIRECT("'" & SUBSTITUTE($T$1,"'","''") & "'!B291"), "") -> 1.31 | U84: =IFERROR(INDIRECT("'" & SUBSTITUTE($T$1,"'","''") & "'!C291"), "") -> 28 | V84: =IFERROR(INDIRECT("'" & SUBSTITUTE($V$1,"'","''") & "'!B291"), "") -> 1.32 | W84: =IFERROR(INDIRECT("'" & SUBSTITUTE($V$1,"'","''") & "'!C291"), "") -> 29 | X84: =IFERROR(INDIRECT("'" & SUBSTITUTE($X$1,"'","''") & "'!B291"), "") -> 1.29 | Y84: =IFERROR(INDIRECT("'" & SUBSTITUTE($X$1,"'","''") & "'!C291"), "") -> 44
A85: Blocks | B85: =IFERROR(INDIRECT("'" & SUBSTITUTE($B$1,"'","''") & "'!B295"), "") -> 1.3 | C85: =IFERROR(INDIRECT("'" & SUBSTITUTE($B$1,"'","''") & "'!C295"), "") -> 66 | D85: =IFERROR(INDIRECT("'" & SUBSTITUTE($D$1,"'","''") & "'!B295"), "") -> 1.36 | E85: =IFERROR(INDIRECT("'" & SUBSTITUTE($D$1,"'","''") & "'!C295"), "") -> 71 | F85: =IFERROR(INDIRECT("'" & SUBSTITUTE($F$1,"'","''") & "'!B295"), "") -> 0.99 | G85: =IFERROR(INDIRECT("'" & SUBSTITUTE($F$1,"'","''") & "'!C295"), "") -> 34 | H85: =IFERROR(INDIRECT("'" & SUBSTITUTE($H$1,"'","''") & "'!B295"), "") -> 1.31 | I85: =IFERROR(INDIRECT("'" & SUBSTITUTE($H$1,"'","''") & "'!C295"), "") -> 67 | J85: =IFERROR(INDIRECT("'" & SUBSTITUTE($J$1,"'","''") & "'!B295"), "") -> 1.14 | K85: =IFERROR(INDIRECT("'" & SUBSTITUTE($J$1,"'","''") & "'!C295"), "") -> 44 | L85: =IFERROR(INDIRECT("'" & SUBSTITUTE($L$1,"'","''") & "'!B295"), "") -> 1.62 | M85: =IFERROR(INDIRECT("'" & SUBSTITUTE($L$1,"'","''") & "'!C295"), "") -> 74 | N85: =IFERROR(INDIRECT("'" & SUBSTITUTE($N$1,"'","''") & "'!B295"), "") -> 1.09 | O85: =IFERROR(INDIRECT("'" & SUBSTITUTE($N$1,"'","''") & "'!C295"), "") -> 31 | P85: =IFERROR(INDIRECT("'" & SUBSTITUTE($P$1,"'","''") & "'!B295"), "") -> 1.28 | Q85: =IFERROR(INDIRECT("'" & SUBSTITUTE($P$1,"'","''") & "'!C295"), "") -> 46 | R85: =IFERROR(INDIRECT("'" & SUBSTITUTE($R$1,"'","''") & "'!B295"), "") -> 1.11 | S85: =IFERROR(INDIRECT("'" & SUBSTITUTE($R$1,"'","''") & "'!C295"), "") -> 33 | T85: =IFERROR(INDIRECT("'" & SUBSTITUTE($T$1,"'","''") & "'!B295"), "") -> 1.76 | U85: =IFERROR(INDIRECT("'" & SUBSTITUTE($T$1,"'","''") & "'!C295"), "") -> 83 | V85: =IFERROR(INDIRECT("'" & SUBSTITUTE($V$1,"'","''") & "'!B295"), "") -> 1.32 | W85: =IFERROR(INDIRECT("'" & SUBSTITUTE($V$1,"'","''") & "'!C295"), "") -> 51 | X85: =IFERROR(INDIRECT("'" & SUBSTITUTE($X$1,"'","''") & "'!B295"), "") -> 1.71 | Y85: =IFERROR(INDIRECT("'" & SUBSTITUTE($X$1,"'","''") & "'!C295"), "") -> 83
A86: Shots Blocked | B86: =IFERROR(INDIRECT("'" & SUBSTITUTE($B$1,"'","''") & "'!B298"), "") -> 0.1 | C86: =IFERROR(INDIRECT("'" & SUBSTITUTE($B$1,"'","''") & "'!C298"), "") -> 10 | D86: =IFERROR(INDIRECT("'" & SUBSTITUTE($D$1,"'","''") & "'!B298"), "") -> 0.18 | E86: =IFERROR(INDIRECT("'" & SUBSTITUTE($D$1,"'","''") & "'!C298"), "") -> 25 | F86: =IFERROR(INDIRECT("'" & SUBSTITUTE($F$1,"'","''") & "'!B298"), "") -> 0.16 | G86: =IFERROR(INDIRECT("'" & SUBSTITUTE($F$1,"'","''") & "'!C298"), "") -> 21 | H86: =IFERROR(INDIRECT("'" & SUBSTITUTE($H$1,"'","''") & "'!B298"), "") -> 0.32 | I86: =IFERROR(INDIRECT("'" & SUBSTITUTE($H$1,"'","''") & "'!C298"), "") -> 59 | J86: =IFERROR(INDIRECT("'" & SUBSTITUTE($J$1,"'","''") & "'!B298"), "") -> 0.8 | K86: =IFERROR(INDIRECT("'" & SUBSTITUTE($J$1,"'","''") & "'!C298"), "") -> 63 | L86: =IFERROR(INDIRECT("'" & SUBSTITUTE($L$1,"'","''") & "'!B298"), "") -> 0.66 | M86: =IFERROR(INDIRECT("'" & SUBSTITUTE($L$1,"'","''") & "'!C298"), "") -> 91 | N86: =IFERROR(INDIRECT("'" & SUBSTITUTE($N$1,"'","''") & "'!B298"), "") -> 0.27 | O86: =IFERROR(INDIRECT("'" & SUBSTITUTE($N$1,"'","''") & "'!C298"), "") -> 51 | P86: =IFERROR(INDIRECT("'" & SUBSTITUTE($P$1,"'","''") & "'!B298"), "") -> 0.15 | Q86: =IFERROR(INDIRECT("'" & SUBSTITUTE($P$1,"'","''") & "'!C298"), "") -> 25 | R86: =IFERROR(INDIRECT("'" & SUBSTITUTE($R$1,"'","''") & "'!B298"), "") -> 0.3 | S86: =IFERROR(INDIRECT("'" & SUBSTITUTE($R$1,"'","''") & "'!C298"), "") -> 59 | T86: =IFERROR(INDIRECT("'" & SUBSTITUTE($T$1,"'","''") & "'!B298"), "") -> 0.66 | U86: =IFERROR(INDIRECT("'" & SUBSTITUTE($T$1,"'","''") & "'!C298"), "") -> 96 | V86: =IFERROR(INDIRECT("'" & SUBSTITUTE($V$1,"'","''") & "'!B298"), "") -> 0.22 | W86: =IFERROR(INDIRECT("'" & SUBSTITUTE($V$1,"'","''") & "'!C298"), "") -> 36 | X86: =IFERROR(INDIRECT("'" & SUBSTITUTE($X$1,"'","''") & "'!B298"), "") -> 0.46 | Y86: =IFERROR(INDIRECT("'" & SUBSTITUTE($X$1,"'","''") & "'!C298"), "") -> 86
A87: Interceptions | B87: =IFERROR(INDIRECT("'" & SUBSTITUTE($B$1,"'","''") & "'!B305"), "") -> 0.71 | C87: =IFERROR(INDIRECT("'" & SUBSTITUTE($B$1,"'","''") & "'!C305"), "") -> 24 | D87: =IFERROR(INDIRECT("'" & SUBSTITUTE($D$1,"'","''") & "'!B305"), "") -> 0.85 | E87: =IFERROR(INDIRECT("'" & SUBSTITUTE($D$1,"'","''") & "'!C305"), "") -> 37 | F87: =IFERROR(INDIRECT("'" & SUBSTITUTE($F$1,"'","''") & "'!B305"), "") -> 0.57 | G87: =IFERROR(INDIRECT("'" & SUBSTITUTE($F$1,"'","''") & "'!C305"), "") -> 12 | H87: =IFERROR(INDIRECT("'" & SUBSTITUTE($H$1,"'","''") & "'!B305"), "") -> 1.38 | I87: =IFERROR(INDIRECT("'" & SUBSTITUTE($H$1,"'","''") & "'!C305"), "") -> 83 | J87: =IFERROR(INDIRECT("'" & SUBSTITUTE($J$1,"'","''") & "'!B305"), "") -> 1 | K87: =IFERROR(INDIRECT("'" & SUBSTITUTE($J$1,"'","''") & "'!C305"), "") -> 47 | L87: =IFERROR(INDIRECT("'" & SUBSTITUTE($L$1,"'","''") & "'!B305"), "") -> 0.88 | M87: =IFERROR(INDIRECT("'" & SUBSTITUTE($L$1,"'","''") & "'!C305"), "") -> 52 | N87: =IFERROR(INDIRECT("'" & SUBSTITUTE($N$1,"'","''") & "'!B305"), "") -> 1.24 | O87: =IFERROR(INDIRECT("'" & SUBSTITUTE($N$1,"'","''") & "'!C305"), "") -> 76 | P87: =IFERROR(INDIRECT("'" & SUBSTITUTE($P$1,"'","''") & "'!B305"), "") -> 0.58 | Q87: =IFERROR(INDIRECT("'" & SUBSTITUTE($P$1,"'","''") & "'!C305"), "") -> 16 | R87: =IFERROR(INDIRECT("'" & SUBSTITUTE($R$1,"'","''") & "'!B305"), "") -> 0.91 | S87: =IFERROR(INDIRECT("'" & SUBSTITUTE($R$1,"'","''") & "'!C305"), "") -> 42 | T87: =IFERROR(INDIRECT("'" & SUBSTITUTE($T$1,"'","''") & "'!B305"), "") -> 1.49 | U87: =IFERROR(INDIRECT("'" & SUBSTITUTE($T$1,"'","''") & "'!C305"), "") -> 86 | V87: =IFERROR(INDIRECT("'" & SUBSTITUTE($V$1,"'","''") & "'!B305"), "") -> 0.55 | W87: =IFERROR(INDIRECT("'" & SUBSTITUTE($V$1,"'","''") & "'!C305"), "") -> 20 | X87: =IFERROR(INDIRECT("'" & SUBSTITUTE($X$1,"'","''") & "'!B305"), "") -> 0.42 | Y87: =IFERROR(INDIRECT("'" & SUBSTITUTE($X$1,"'","''") & "'!C305"), "") -> 7
A88: Tkl+Int | B88: =IFERROR(INDIRECT("'" & SUBSTITUTE($B$1,"'","''") & "'!B308"), "") -> 2.76 | C88: =IFERROR(INDIRECT("'" & SUBSTITUTE($B$1,"'","''") & "'!C308"), "") -> 35 | D88: =IFERROR(INDIRECT("'" & SUBSTITUTE($D$1,"'","''") & "'!B308"), "") -> 4.12 | E88: =IFERROR(INDIRECT("'" & SUBSTITUTE($D$1,"'","''") & "'!C308"), "") -> 88 | F88: =IFERROR(INDIRECT("'" & SUBSTITUTE($F$1,"'","''") & "'!B308"), "") -> 2.82 | G88: =IFERROR(INDIRECT("'" & SUBSTITUTE($F$1,"'","''") & "'!C308"), "") -> 38 | H88: =IFERROR(INDIRECT("'" & SUBSTITUTE($H$1,"'","''") & "'!B308"), "") -> 4.54 | I88: =IFERROR(INDIRECT("'" & SUBSTITUTE($H$1,"'","''") & "'!C308"), "") -> 96 | J88: =IFERROR(INDIRECT("'" & SUBSTITUTE($J$1,"'","''") & "'!B308"), "") -> 1.94 | K88: =IFERROR(INDIRECT("'" & SUBSTITUTE($J$1,"'","''") & "'!C308"), "") -> 16 | L88: =IFERROR(INDIRECT("'" & SUBSTITUTE($L$1,"'","''") & "'!B308"), "") -> 2.8 | M88: =IFERROR(INDIRECT("'" & SUBSTITUTE($L$1,"'","''") & "'!C308"), "") -> 40 | N88: =IFERROR(INDIRECT("'" & SUBSTITUTE($N$1,"'","''") & "'!B308"), "") -> 3.97 | O88: =IFERROR(INDIRECT("'" & SUBSTITUTE($N$1,"'","''") & "'!C308"), "") -> 81 | P88: =IFERROR(INDIRECT("'" & SUBSTITUTE($P$1,"'","''") & "'!B308"), "") -> 3.03 | Q88: =IFERROR(INDIRECT("'" & SUBSTITUTE($P$1,"'","''") & "'!C308"), "") -> 42 | R88: =IFERROR(INDIRECT("'" & SUBSTITUTE($R$1,"'","''") & "'!B308"), "") -> 3.49 | S88: =IFERROR(INDIRECT("'" & SUBSTITUTE($R$1,"'","''") & "'!C308"), "") -> 67 | T88: =IFERROR(INDIRECT("'" & SUBSTITUTE($T$1,"'","''") & "'!B308"), "") -> 3.85 | U88: =IFERROR(INDIRECT("'" & SUBSTITUTE($T$1,"'","''") & "'!C308"), "") -> 80 | V88: =IFERROR(INDIRECT("'" & SUBSTITUTE($V$1,"'","''") & "'!B308"), "") -> 4.4 | W88: =IFERROR(INDIRECT("'" & SUBSTITUTE($V$1,"'","''") & "'!C308"), "") -> 87 | X88: =IFERROR(INDIRECT("'" & SUBSTITUTE($X$1,"'","''") & "'!B308"), "") -> 2.35 | Y88: =IFERROR(INDIRECT("'" & SUBSTITUTE($X$1,"'","''") & "'!C308"), "") -> 27
A89: Clearances | B89: =IFERROR(INDIRECT("'" & SUBSTITUTE($B$1,"'","''") & "'!B311"), "") -> 2.24 | C89: =IFERROR(INDIRECT("'" & SUBSTITUTE($B$1,"'","''") & "'!C311"), "") -> 82 | D89: =IFERROR(INDIRECT("'" & SUBSTITUTE($D$1,"'","''") & "'!B311"), "") -> 1.39 | E89: =IFERROR(INDIRECT("'" & SUBSTITUTE($D$1,"'","''") & "'!C311"), "") -> 44 | F89: =IFERROR(INDIRECT("'" & SUBSTITUTE($F$1,"'","''") & "'!B311"), "") -> 1.15 | G89: =IFERROR(INDIRECT("'" & SUBSTITUTE($F$1,"'","''") & "'!C311"), "") -> 26 | H89: =IFERROR(INDIRECT("'" & SUBSTITUTE($H$1,"'","''") & "'!B311"), "") -> 1.31 | I89: =IFERROR(INDIRECT("'" & SUBSTITUTE($H$1,"'","''") & "'!C311"), "") -> 36 | J89: =IFERROR(INDIRECT("'" & SUBSTITUTE($J$1,"'","''") & "'!B311"), "") -> 3.34 | K89: =IFERROR(INDIRECT("'" & SUBSTITUTE($J$1,"'","''") & "'!C311"), "") -> 7 | L89: =IFERROR(INDIRECT("'" & SUBSTITUTE($L$1,"'","''") & "'!B311"), "") -> 1.33 | M89: =IFERROR(INDIRECT("'" & SUBSTITUTE($L$1,"'","''") & "'!C311"), "") -> 55 | N89: =IFERROR(INDIRECT("'" & SUBSTITUTE($N$1,"'","''") & "'!B311"), "") -> 1.94 | O89: =IFERROR(INDIRECT("'" & SUBSTITUTE($N$1,"'","''") & "'!C311"), "") -> 84 | P89: =IFERROR(INDIRECT("'" & SUBSTITUTE($P$1,"'","''") & "'!B311"), "") -> 1.28 | Q89: =IFERROR(INDIRECT("'" & SUBSTITUTE($P$1,"'","''") & "'!C311"), "") -> 55 | R89: =IFERROR(INDIRECT("'" & SUBSTITUTE($R$1,"'","''") & "'!B311"), "") -> 1.01 | S89: =IFERROR(INDIRECT("'" & SUBSTITUTE($R$1,"'","''") & "'!C311"), "") -> 43 | T89: =IFERROR(INDIRECT("'" & SUBSTITUTE($T$1,"'","''") & "'!B311"), "") -> 2.53 | U89: =IFERROR(INDIRECT("'" & SUBSTITUTE($T$1,"'","''") & "'!C311"), "") -> 97 | V89: =IFERROR(INDIRECT("'" & SUBSTITUTE($V$1,"'","''") & "'!B311"), "") -> 0.77 | W89: =IFERROR(INDIRECT("'" & SUBSTITUTE($V$1,"'","''") & "'!C311"), "") -> 27 | X89: =IFERROR(INDIRECT("'" & SUBSTITUTE($X$1,"'","''") & "'!B311"), "") -> 1.75 | Y89: =IFERROR(INDIRECT("'" & SUBSTITUTE($X$1,"'","''") & "'!C311"), "") -> 83
A90: Errors | B90: =IFERROR(INDIRECT("'" & SUBSTITUTE($B$1,"'","''") & "'!B314"), "") -> 0 | C90: =IFERROR(INDIRECT("'" & SUBSTITUTE($B$1,"'","''") & "'!C314"), "") -> 88 | D90: =IFERROR(INDIRECT("'" & SUBSTITUTE($D$1,"'","''") & "'!B314"), "") -> 0 | E90: =IFERROR(INDIRECT("'" & SUBSTITUTE($D$1,"'","''") & "'!C314"), "") -> 88 | F90: =IFERROR(INDIRECT("'" & SUBSTITUTE($F$1,"'","''") & "'!B314"), "") -> 0.16 | G90: =IFERROR(INDIRECT("'" & SUBSTITUTE($F$1,"'","''") & "'!C314"), "") -> 8 | H90: =IFERROR(INDIRECT("'" & SUBSTITUTE($H$1,"'","''") & "'!B314"), "") -> 0.13 | I90: =IFERROR(INDIRECT("'" & SUBSTITUTE($H$1,"'","''") & "'!C314"), "") -> 13 | J90: =IFERROR(INDIRECT("'" & SUBSTITUTE($J$1,"'","''") & "'!B314"), "") -> 0.14 | K90: =IFERROR(INDIRECT("'" & SUBSTITUTE($J$1,"'","''") & "'!C314"), "") -> 19 | L90: =IFERROR(INDIRECT("'" & SUBSTITUTE($L$1,"'","''") & "'!B314"), "") -> 0 | M90: =IFERROR(INDIRECT("'" & SUBSTITUTE($L$1,"'","''") & "'!C314"), "") -> 71 | N90: =IFERROR(INDIRECT("'" & SUBSTITUTE($N$1,"'","''") & "'!B314"), "") -> 0 | O90: =IFERROR(INDIRECT("'" & SUBSTITUTE($N$1,"'","''") & "'!C314"), "") -> 71 | P90: =IFERROR(INDIRECT("'" & SUBSTITUTE($P$1,"'","''") & "'!B314"), "") -> 0.07 | Q90: =IFERROR(INDIRECT("'" & SUBSTITUTE($P$1,"'","''") & "'!C314"), "") -> 13 | R90: =IFERROR(INDIRECT("'" & SUBSTITUTE($R$1,"'","''") & "'!B314"), "") -> 0 | S90: =IFERROR(INDIRECT("'" & SUBSTITUTE($R$1,"'","''") & "'!C314"), "") -> 69 | T90: =IFERROR(INDIRECT("'" & SUBSTITUTE($T$1,"'","''") & "'!B314"), "") -> 0.03 | U90: =IFERROR(INDIRECT("'" & SUBSTITUTE($T$1,"'","''") & "'!C314"), "") -> 34 | V90: =IFERROR(INDIRECT("'" & SUBSTITUTE($V$1,"'","''") & "'!B314"), "") -> 0 | W90: =IFERROR(INDIRECT("'" & SUBSTITUTE($V$1,"'","''") & "'!C314"), "") -> 71 | X90: =IFERROR(INDIRECT("'" & SUBSTITUTE($X$1,"'","''") & "'!B314"), "") -> 0.05 | Y90: =IFERROR(INDIRECT("'" & SUBSTITUTE($X$1,"'","''") & "'!C314"), "") -> 25
A91: Touches | B91: =IFERROR(INDIRECT("'" & SUBSTITUTE($B$1,"'","''") & "'!B319"), "") -> 31.47 | C91: =IFERROR(INDIRECT("'" & SUBSTITUTE($B$1,"'","''") & "'!C319"), "") -> 1 | D91: =IFERROR(INDIRECT("'" & SUBSTITUTE($D$1,"'","''") & "'!B319"), "") -> 63.99 | E91: =IFERROR(INDIRECT("'" & SUBSTITUTE($D$1,"'","''") & "'!C319"), "") -> 64 | F91: =IFERROR(INDIRECT("'" & SUBSTITUTE($F$1,"'","''") & "'!B319"), "") -> 48.68 | G91: =IFERROR(INDIRECT("'" & SUBSTITUTE($F$1,"'","''") & "'!C319"), "") -> 16 | H91: =IFERROR(INDIRECT("'" & SUBSTITUTE($H$1,"'","''") & "'!B319"), "") -> 58.82 | I91: =IFERROR(INDIRECT("'" & SUBSTITUTE($H$1,"'","''") & "'!C319"), "") -> 47 | J91: =IFERROR(INDIRECT("'" & SUBSTITUTE($J$1,"'","''") & "'!B319"), "") -> 79 | K91: =IFERROR(INDIRECT("'" & SUBSTITUTE($J$1,"'","''") & "'!C319"), "") -> 83 | L91: =IFERROR(INDIRECT("'" & SUBSTITUTE($L$1,"'","''") & "'!B319"), "") -> 78.14 | M91: =IFERROR(INDIRECT("'" & SUBSTITUTE($L$1,"'","''") & "'!C319"), "") -> 86 | N91: =IFERROR(INDIRECT("'" & SUBSTITUTE($N$1,"'","''") & "'!B319"), "") -> 55.1 | O91: =IFERROR(INDIRECT("'" & SUBSTITUTE($N$1,"'","''") & "'!C319"), "") -> 45 | P91: =IFERROR(INDIRECT("'" & SUBSTITUTE($P$1,"'","''") & "'!B319"), "") -> 49.4 | Q91: =IFERROR(INDIRECT("'" & SUBSTITUTE($P$1,"'","''") & "'!C319"), "") -> 26 | R91: =IFERROR(INDIRECT("'" & SUBSTITUTE($R$1,"'","''") & "'!B319"), "") -> 61.58 | S91: =IFERROR(INDIRECT("'" & SUBSTITUTE($R$1,"'","''") & "'!C319"), "") -> 65 | T91: =IFERROR(INDIRECT("'" & SUBSTITUTE($T$1,"'","''") & "'!B319"), "") -> 74.11 | U91: =IFERROR(INDIRECT("'" & SUBSTITUTE($T$1,"'","''") & "'!C319"), "") -> 88 | V91: =IFERROR(INDIRECT("'" & SUBSTITUTE($V$1,"'","''") & "'!B319"), "") -> 61.1 | W91: =IFERROR(INDIRECT("'" & SUBSTITUTE($V$1,"'","''") & "'!C319"), "") -> 63 | X91: =IFERROR(INDIRECT("'" & SUBSTITUTE($X$1,"'","''") & "'!B319"), "") -> 47.26 | Y91: =IFERROR(INDIRECT("'" & SUBSTITUTE($X$1,"'","''") & "'!C319"), "") -> 23
A92: Touches (Def Pen) | B92: =IFERROR(INDIRECT("'" & SUBSTITUTE($B$1,"'","''") & "'!B322"), "") -> 2.47 | C92: =IFERROR(INDIRECT("'" & SUBSTITUTE($B$1,"'","''") & "'!C322"), "") -> 52 | D92: =IFERROR(INDIRECT("'" & SUBSTITUTE($D$1,"'","''") & "'!B322"), "") -> 2.21 | E92: =IFERROR(INDIRECT("'" & SUBSTITUTE($D$1,"'","''") & "'!C322"), "") -> 42 | F92: =IFERROR(INDIRECT("'" & SUBSTITUTE($F$1,"'","''") & "'!B322"), "") -> 1.36 | G92: =IFERROR(INDIRECT("'" & SUBSTITUTE($F$1,"'","''") & "'!C322"), "") -> 9 | H92: =IFERROR(INDIRECT("'" & SUBSTITUTE($H$1,"'","''") & "'!B322"), "") -> 2.91 | I92: =IFERROR(INDIRECT("'" & SUBSTITUTE($H$1,"'","''") & "'!C322"), "") -> 69 | J92: =IFERROR(INDIRECT("'" & SUBSTITUTE($J$1,"'","''") & "'!B322"), "") -> 8.94 | K92: =IFERROR(INDIRECT("'" & SUBSTITUTE($J$1,"'","''") & "'!C322"), "") -> 65 | L92: =IFERROR(INDIRECT("'" & SUBSTITUTE($L$1,"'","''") & "'!B322"), "") -> 2.95 | M92: =IFERROR(INDIRECT("'" & SUBSTITUTE($L$1,"'","''") & "'!C322"), "") -> 73 | N92: =IFERROR(INDIRECT("'" & SUBSTITUTE($N$1,"'","''") & "'!B322"), "") -> 3.94 | O92: =IFERROR(INDIRECT("'" & SUBSTITUTE($N$1,"'","''") & "'!C322"), "") -> 86 | P92: =IFERROR(INDIRECT("'" & SUBSTITUTE($P$1,"'","''") & "'!B322"), "") -> 2.33 | Q92: =IFERROR(INDIRECT("'" & SUBSTITUTE($P$1,"'","''") & "'!C322"), "") -> 50 | R92: =IFERROR(INDIRECT("'" & SUBSTITUTE($R$1,"'","''") & "'!B322"), "") -> 2.12 | S92: =IFERROR(INDIRECT("'" & SUBSTITUTE($R$1,"'","''") & "'!C322"), "") -> 45 | T92: =IFERROR(INDIRECT("'" & SUBSTITUTE($T$1,"'","''") & "'!B322"), "") -> 5.28 | U92: =IFERROR(INDIRECT("'" & SUBSTITUTE($T$1,"'","''") & "'!C322"), "") -> 99 | V92: =IFERROR(INDIRECT("'" & SUBSTITUTE($V$1,"'","''") & "'!B322"), "") -> 1.87 | W92: =IFERROR(INDIRECT("'" & SUBSTITUTE($V$1,"'","''") & "'!C322"), "") -> 28 | X92: =IFERROR(INDIRECT("'" & SUBSTITUTE($X$1,"'","''") & "'!B322"), "") -> 2.72 | Y92: =IFERROR(INDIRECT("'" & SUBSTITUTE($X$1,"'","''") & "'!C322"), "") -> 71
A93: Touches (Def 3rd) | B93: =IFERROR(INDIRECT("'" & SUBSTITUTE($B$1,"'","''") & "'!B325"), "") -> 6.69 | C93: =IFERROR(INDIRECT("'" & SUBSTITUTE($B$1,"'","''") & "'!C325"), "") -> 3 | D93: =IFERROR(INDIRECT("'" & SUBSTITUTE($D$1,"'","''") & "'!B325"), "") -> 13.63 | E93: =IFERROR(INDIRECT("'" & SUBSTITUTE($D$1,"'","''") & "'!C325"), "") -> 55 | F93: =IFERROR(INDIRECT("'" & SUBSTITUTE($F$1,"'","''") & "'!B325"), "") -> 8.2 | G93: =IFERROR(INDIRECT("'" & SUBSTITUTE($F$1,"'","''") & "'!C325"), "") -> 8 | H93: =IFERROR(INDIRECT("'" & SUBSTITUTE($H$1,"'","''") & "'!B325"), "") -> 15.83 | I93: =IFERROR(INDIRECT("'" & SUBSTITUTE($H$1,"'","''") & "'!C325"), "") -> 76 | J93: =IFERROR(INDIRECT("'" & SUBSTITUTE($J$1,"'","''") & "'!B325"), "") -> 36.54 | K93: =IFERROR(INDIRECT("'" & SUBSTITUTE($J$1,"'","''") & "'!C325"), "") -> 86 | L93: =IFERROR(INDIRECT("'" & SUBSTITUTE($L$1,"'","''") & "'!B325"), "") -> 19.52 | M93: =IFERROR(INDIRECT("'" & SUBSTITUTE($L$1,"'","''") & "'!C325"), "") -> 88 | N93: =IFERROR(INDIRECT("'" & SUBSTITUTE($N$1,"'","''") & "'!B325"), "") -> 16.89 | O93: =IFERROR(INDIRECT("'" & SUBSTITUTE($N$1,"'","''") & "'!C325"), "") -> 82 | P93: =IFERROR(INDIRECT("'" & SUBSTITUTE($P$1,"'","''") & "'!B325"), "") -> 11.86 | Q93: =IFERROR(INDIRECT("'" & SUBSTITUTE($P$1,"'","''") & "'!C325"), "") -> 51 | R93: =IFERROR(INDIRECT("'" & SUBSTITUTE($R$1,"'","''") & "'!B325"), "") -> 12.29 | S93: =IFERROR(INDIRECT("'" & SUBSTITUTE($R$1,"'","''") & "'!C325"), "") -> 55 | T93: =IFERROR(INDIRECT("'" & SUBSTITUTE($T$1,"'","''") & "'!B325"), "") -> 24.18 | U93: =IFERROR(INDIRECT("'" & SUBSTITUTE($T$1,"'","''") & "'!C325"), "") -> 99 | V93: =IFERROR(INDIRECT("'" & SUBSTITUTE($V$1,"'","''") & "'!B325"), "") -> 14.07 | W93: =IFERROR(INDIRECT("'" & SUBSTITUTE($V$1,"'","''") & "'!C325"), "") -> 56 | X93: =IFERROR(INDIRECT("'" & SUBSTITUTE($X$1,"'","''") & "'!B325"), "") -> 13.02 | Y93: =IFERROR(INDIRECT("'" & SUBSTITUTE($X$1,"'","''") & "'!C325"), "") -> 55
A94: Touches (Mid 3rd) | B94: =IFERROR(INDIRECT("'" & SUBSTITUTE($B$1,"'","''") & "'!B328"), "") -> 14.06 | C94: =IFERROR(INDIRECT("'" & SUBSTITUTE($B$1,"'","''") & "'!C328"), "") -> 1 | D94: =IFERROR(INDIRECT("'" & SUBSTITUTE($D$1,"'","''") & "'!B328"), "") -> 35.64 | E94: =IFERROR(INDIRECT("'" & SUBSTITUTE($D$1,"'","''") & "'!C328"), "") -> 60 | F94: =IFERROR(INDIRECT("'" & SUBSTITUTE($F$1,"'","''") & "'!B328"), "") -> 23.56 | G94: =IFERROR(INDIRECT("'" & SUBSTITUTE($F$1,"'","''") & "'!C328"), "") -> 11 | H94: =IFERROR(INDIRECT("'" & SUBSTITUTE($H$1,"'","''") & "'!B328"), "") -> 38.19 | I94: =IFERROR(INDIRECT("'" & SUBSTITUTE($H$1,"'","''") & "'!C328"), "") -> 73 | J94: =IFERROR(INDIRECT("'" & SUBSTITUTE($J$1,"'","''") & "'!B328"), "") -> 39.03 | K94: =IFERROR(INDIRECT("'" & SUBSTITUTE($J$1,"'","''") & "'!C328"), "") -> 76 | L94: =IFERROR(INDIRECT("'" & SUBSTITUTE($L$1,"'","''") & "'!B328"), "") -> 45.66 | M94: =IFERROR(INDIRECT("'" & SUBSTITUTE($L$1,"'","''") & "'!C328"), "") -> 88 | N94: =IFERROR(INDIRECT("'" & SUBSTITUTE($N$1,"'","''") & "'!B328"), "") -> 29.72 | O94: =IFERROR(INDIRECT("'" & SUBSTITUTE($N$1,"'","''") & "'!C328"), "") -> 53 | P94: =IFERROR(INDIRECT("'" & SUBSTITUTE($P$1,"'","''") & "'!B328"), "") -> 23.93 | Q94: =IFERROR(INDIRECT("'" & SUBSTITUTE($P$1,"'","''") & "'!C328"), "") -> 26 | R94: =IFERROR(INDIRECT("'" & SUBSTITUTE($R$1,"'","''") & "'!B328"), "") -> 33.27 | S94: =IFERROR(INDIRECT("'" & SUBSTITUTE($R$1,"'","''") & "'!C328"), "") -> 62 | T94: =IFERROR(INDIRECT("'" & SUBSTITUTE($T$1,"'","''") & "'!B328"), "") -> 38.96 | U94: =IFERROR(INDIRECT("'" & SUBSTITUTE($T$1,"'","''") & "'!C328"), "") -> 83 | V94: =IFERROR(INDIRECT("'" & SUBSTITUTE($V$1,"'","''") & "'!B328"), "") -> 38.02 | W94: =IFERROR(INDIRECT("'" & SUBSTITUTE($V$1,"'","''") & "'!C328"), "") -> 76 | X94: =IFERROR(INDIRECT("'" & SUBSTITUTE($X$1,"'","''") & "'!B328"), "") -> 25.02 | Y94: =IFERROR(INDIRECT("'" & SUBSTITUTE($X$1,"'","''") & "'!C328"), "") -> 33
A95: Touches (Att 3rd) | B95: =IFERROR(INDIRECT("'" & SUBSTITUTE($B$1,"'","''") & "'!B331"), "") -> 11.01 | C95: =IFERROR(INDIRECT("'" & SUBSTITUTE($B$1,"'","''") & "'!C331"), "") -> 36 | D95: =IFERROR(INDIRECT("'" & SUBSTITUTE($D$1,"'","''") & "'!B331"), "") -> 15.63 | E95: =IFERROR(INDIRECT("'" & SUBSTITUTE($D$1,"'","''") & "'!C331"), "") -> 67 | F95: =IFERROR(INDIRECT("'" & SUBSTITUTE($F$1,"'","''") & "'!B331"), "") -> 17.86 | G95: =IFERROR(INDIRECT("'" & SUBSTITUTE($F$1,"'","''") & "'!C331"), "") -> 78 | H95: =IFERROR(INDIRECT("'" & SUBSTITUTE($H$1,"'","''") & "'!B331"), "") -> 5.57 | I95: =IFERROR(INDIRECT("'" & SUBSTITUTE($H$1,"'","''") & "'!C331"), "") -> 2 | J95: =IFERROR(INDIRECT("'" & SUBSTITUTE($J$1,"'","''") & "'!B331"), "") -> 4.09 | K95: =IFERROR(INDIRECT("'" & SUBSTITUTE($J$1,"'","''") & "'!C331"), "") -> 63 | L95: =IFERROR(INDIRECT("'" & SUBSTITUTE($L$1,"'","''") & "'!B331"), "") -> 13.4 | M95: =IFERROR(INDIRECT("'" & SUBSTITUTE($L$1,"'","''") & "'!C331"), "") -> 36 | N95: =IFERROR(INDIRECT("'" & SUBSTITUTE($N$1,"'","''") & "'!B331"), "") -> 9.34 | O95: =IFERROR(INDIRECT("'" & SUBSTITUTE($N$1,"'","''") & "'!C331"), "") -> 9 | P95: =IFERROR(INDIRECT("'" & SUBSTITUTE($P$1,"'","''") & "'!B331"), "") -> 14.48 | Q95: =IFERROR(INDIRECT("'" & SUBSTITUTE($P$1,"'","''") & "'!C331"), "") -> 50 | R95: =IFERROR(INDIRECT("'" & SUBSTITUTE($R$1,"'","''") & "'!B331"), "") -> 16.43 | S95: =IFERROR(INDIRECT("'" & SUBSTITUTE($R$1,"'","''") & "'!C331"), "") -> 60 | T95: =IFERROR(INDIRECT("'" & SUBSTITUTE($T$1,"'","''") & "'!B331"), "") -> 11.75 | U95: =IFERROR(INDIRECT("'" & SUBSTITUTE($T$1,"'","''") & "'!C331"), "") -> 36 | V95: =IFERROR(INDIRECT("'" & SUBSTITUTE($V$1,"'","''") & "'!B331"), "") -> 9.78 | W95: =IFERROR(INDIRECT("'" & SUBSTITUTE($V$1,"'","''") & "'!C331"), "") -> 13 | X95: =IFERROR(INDIRECT("'" & SUBSTITUTE($X$1,"'","''") & "'!B331"), "") -> 9.37 | Y95: =IFERROR(INDIRECT("'" & SUBSTITUTE($X$1,"'","''") & "'!C331"), "") -> 14
A96: Touches (Att Pen) | B96: =IFERROR(INDIRECT("'" & SUBSTITUTE($B$1,"'","''") & "'!B334"), "") -> 3.05 | C96: =IFERROR(INDIRECT("'" & SUBSTITUTE($B$1,"'","''") & "'!C334"), "") -> 93 | D96: =IFERROR(INDIRECT("'" & SUBSTITUTE($D$1,"'","''") & "'!B334"), "") -> 1.51 | E96: =IFERROR(INDIRECT("'" & SUBSTITUTE($D$1,"'","''") & "'!C334"), "") -> 64 | F96: =IFERROR(INDIRECT("'" & SUBSTITUTE($F$1,"'","''") & "'!B334"), "") -> 2.46 | G96: =IFERROR(INDIRECT("'" & SUBSTITUTE($F$1,"'","''") & "'!C334"), "") -> 88 | H96: =IFERROR(INDIRECT("'" & SUBSTITUTE($H$1,"'","''") & "'!B334"), "") -> 0.13 | I96: =IFERROR(INDIRECT("'" & SUBSTITUTE($H$1,"'","''") & "'!C334"), "") -> 2 | J96: =IFERROR(INDIRECT("'" & SUBSTITUTE($J$1,"'","''") & "'!B334"), "") -> 1.23 | K96: =IFERROR(INDIRECT("'" & SUBSTITUTE($J$1,"'","''") & "'!C334"), "") -> 80 | L96: =IFERROR(INDIRECT("'" & SUBSTITUTE($L$1,"'","''") & "'!B334"), "") -> 0.44 | M96: =IFERROR(INDIRECT("'" & SUBSTITUTE($L$1,"'","''") & "'!C334"), "") -> 9 | N96: =IFERROR(INDIRECT("'" & SUBSTITUTE($N$1,"'","''") & "'!B334"), "") -> 1.55 | O96: =IFERROR(INDIRECT("'" & SUBSTITUTE($N$1,"'","''") & "'!C334"), "") -> 48 | P96: =IFERROR(INDIRECT("'" & SUBSTITUTE($P$1,"'","''") & "'!B334"), "") -> 1.9 | Q96: =IFERROR(INDIRECT("'" & SUBSTITUTE($P$1,"'","''") & "'!C334"), "") -> 56 | R96: =IFERROR(INDIRECT("'" & SUBSTITUTE($R$1,"'","''") & "'!B334"), "") -> 0.76 | S96: =IFERROR(INDIRECT("'" & SUBSTITUTE($R$1,"'","''") & "'!C334"), "") -> 31 | T96: =IFERROR(INDIRECT("'" & SUBSTITUTE($T$1,"'","''") & "'!B334"), "") -> 0.75 | U96: =IFERROR(INDIRECT("'" & SUBSTITUTE($T$1,"'","''") & "'!C334"), "") -> 30 | V96: =IFERROR(INDIRECT("'" & SUBSTITUTE($V$1,"'","''") & "'!B334"), "") -> 0.33 | W96: =IFERROR(INDIRECT("'" & SUBSTITUTE($V$1,"'","''") & "'!C334"), "") -> 5 | X96: =IFERROR(INDIRECT("'" & SUBSTITUTE($X$1,"'","''") & "'!B334"), "") -> 1.52 | Y96: =IFERROR(INDIRECT("'" & SUBSTITUTE($X$1,"'","''") & "'!C334"), "") -> 50
A97: Touches (Live-Ball) | B97: =IFERROR(INDIRECT("'" & SUBSTITUTE($B$1,"'","''") & "'!B337"), "") -> 31.47 | C97: =IFERROR(INDIRECT("'" & SUBSTITUTE($B$1,"'","''") & "'!C337"), "") -> 1 | D97: =IFERROR(INDIRECT("'" & SUBSTITUTE($D$1,"'","''") & "'!B337"), "") -> 63.99 | E97: =IFERROR(INDIRECT("'" & SUBSTITUTE($D$1,"'","''") & "'!C337"), "") -> 64 | F97: =IFERROR(INDIRECT("'" & SUBSTITUTE($F$1,"'","''") & "'!B337"), "") -> 48.68 | G97: =IFERROR(INDIRECT("'" & SUBSTITUTE($F$1,"'","''") & "'!C337"), "") -> 16 | H97: =IFERROR(INDIRECT("'" & SUBSTITUTE($H$1,"'","''") & "'!B337"), "") -> 58.82 | I97: =IFERROR(INDIRECT("'" & SUBSTITUTE($H$1,"'","''") & "'!C337"), "") -> 47 | J97: =IFERROR(INDIRECT("'" & SUBSTITUTE($J$1,"'","''") & "'!B337"), "") -> 79 | K97: =IFERROR(INDIRECT("'" & SUBSTITUTE($J$1,"'","''") & "'!C337"), "") -> 83 | L97: =IFERROR(INDIRECT("'" & SUBSTITUTE($L$1,"'","''") & "'!B337"), "") -> 78.14 | M97: =IFERROR(INDIRECT("'" & SUBSTITUTE($L$1,"'","''") & "'!C337"), "") -> 86 | N97: =IFERROR(INDIRECT("'" & SUBSTITUTE($N$1,"'","''") & "'!B337"), "") -> 55.1 | O97: =IFERROR(INDIRECT("'" & SUBSTITUTE($N$1,"'","''") & "'!C337"), "") -> 45 | P97: =IFERROR(INDIRECT("'" & SUBSTITUTE($P$1,"'","''") & "'!B337"), "") -> 49.4 | Q97: =IFERROR(INDIRECT("'" & SUBSTITUTE($P$1,"'","''") & "'!C337"), "") -> 26 | R97: =IFERROR(INDIRECT("'" & SUBSTITUTE($R$1,"'","''") & "'!B337"), "") -> 61.58 | S97: =IFERROR(INDIRECT("'" & SUBSTITUTE($R$1,"'","''") & "'!C337"), "") -> 65 | T97: =IFERROR(INDIRECT("'" & SUBSTITUTE($T$1,"'","''") & "'!B337"), "") -> 74.02 | U97: =IFERROR(INDIRECT("'" & SUBSTITUTE($T$1,"'","''") & "'!C337"), "") -> 88 | V97: =IFERROR(INDIRECT("'" & SUBSTITUTE($V$1,"'","''") & "'!B337"), "") -> 61.1 | W97: =IFERROR(INDIRECT("'" & SUBSTITUTE($V$1,"'","''") & "'!C337"), "") -> 63 | X97: =IFERROR(INDIRECT("'" & SUBSTITUTE($X$1,"'","''") & "'!B337"), "") -> 47.26 | Y97: =IFERROR(INDIRECT("'" & SUBSTITUTE($X$1,"'","''") & "'!C337"), "") -> 23
A98: Take-Ons Attempted | B98: =IFERROR(INDIRECT("'" & SUBSTITUTE($B$1,"'","''") & "'!B341"), "") -> 0.88 | C98: =IFERROR(INDIRECT("'" & SUBSTITUTE($B$1,"'","''") & "'!C341"), "") -> 32 | D98: =IFERROR(INDIRECT("'" & SUBSTITUTE($D$1,"'","''") & "'!B341"), "") -> 2.12 | E98: =IFERROR(INDIRECT("'" & SUBSTITUTE($D$1,"'","''") & "'!C341"), "") -> 83 | F98: =IFERROR(INDIRECT("'" & SUBSTITUTE($F$1,"'","''") & "'!B341"), "") -> 2.93 | G98: =IFERROR(INDIRECT("'" & SUBSTITUTE($F$1,"'","''") & "'!C341"), "") -> 96 | H98: =IFERROR(INDIRECT("'" & SUBSTITUTE($H$1,"'","''") & "'!B341"), "") -> 1.25 | I98: =IFERROR(INDIRECT("'" & SUBSTITUTE($H$1,"'","''") & "'!C341"), "") -> 49 | J98: =IFERROR(INDIRECT("'" & SUBSTITUTE($J$1,"'","''") & "'!B341"), "") -> 0.4 | K98: =IFERROR(INDIRECT("'" & SUBSTITUTE($J$1,"'","''") & "'!C341"), "") -> 62 | L98: =IFERROR(INDIRECT("'" & SUBSTITUTE($L$1,"'","''") & "'!B341"), "") -> 0.22 | M98: =IFERROR(INDIRECT("'" & SUBSTITUTE($L$1,"'","''") & "'!C341"), "") -> 2 | N98: =IFERROR(INDIRECT("'" & SUBSTITUTE($N$1,"'","''") & "'!B341"), "") -> 1.39 | O98: =IFERROR(INDIRECT("'" & SUBSTITUTE($N$1,"'","''") & "'!C341"), "") -> 44 | P98: =IFERROR(INDIRECT("'" & SUBSTITUTE($P$1,"'","''") & "'!B341"), "") -> 3.1 | Q98: =IFERROR(INDIRECT("'" & SUBSTITUTE($P$1,"'","''") & "'!C341"), "") -> 87 | R98: =IFERROR(INDIRECT("'" & SUBSTITUTE($R$1,"'","''") & "'!B341"), "") -> 0.76 | S98: =IFERROR(INDIRECT("'" & SUBSTITUTE($R$1,"'","''") & "'!C341"), "") -> 14 | T98: =IFERROR(INDIRECT("'" & SUBSTITUTE($T$1,"'","''") & "'!B341"), "") -> 0.95 | U98: =IFERROR(INDIRECT("'" & SUBSTITUTE($T$1,"'","''") & "'!C341"), "") -> 23 | V98: =IFERROR(INDIRECT("'" & SUBSTITUTE($V$1,"'","''") & "'!B341"), "") -> 1.65 | W98: =IFERROR(INDIRECT("'" & SUBSTITUTE($V$1,"'","''") & "'!C341"), "") -> 55 | X98: =IFERROR(INDIRECT("'" & SUBSTITUTE($X$1,"'","''") & "'!B341"), "") -> 0.46 | Y98: =IFERROR(INDIRECT("'" & SUBSTITUTE($X$1,"'","''") & "'!C341"), "") -> 6
A99: Successful Take-Ons | B99: =IFERROR(INDIRECT("'" & SUBSTITUTE($B$1,"'","''") & "'!B344"), "") -> 0.36 | C99: =IFERROR(INDIRECT("'" & SUBSTITUTE($B$1,"'","''") & "'!C344"), "") -> 24 | D99: =IFERROR(INDIRECT("'" & SUBSTITUTE($D$1,"'","''") & "'!B344"), "") -> 0.91 | E99: =IFERROR(INDIRECT("'" & SUBSTITUTE($D$1,"'","''") & "'!C344"), "") -> 78 | F99: =IFERROR(INDIRECT("'" & SUBSTITUTE($F$1,"'","''") & "'!B344"), "") -> 1.1 | G99: =IFERROR(INDIRECT("'" & SUBSTITUTE($F$1,"'","''") & "'!C344"), "") -> 86 | H99: =IFERROR(INDIRECT("'" & SUBSTITUTE($H$1,"'","''") & "'!B344"), "") -> 0.54 | I99: =IFERROR(INDIRECT("'" & SUBSTITUTE($H$1,"'","''") & "'!C344"), "") -> 47 | J99: =IFERROR(INDIRECT("'" & SUBSTITUTE($J$1,"'","''") & "'!B344"), "") -> 0.26 | K99: =IFERROR(INDIRECT("'" & SUBSTITUTE($J$1,"'","''") & "'!C344"), "") -> 71 | L99: =IFERROR(INDIRECT("'" & SUBSTITUTE($L$1,"'","''") & "'!B344"), "") -> 0.07 | M99: =IFERROR(INDIRECT("'" & SUBSTITUTE($L$1,"'","''") & "'!C344"), "") -> 2 | N99: =IFERROR(INDIRECT("'" & SUBSTITUTE($N$1,"'","''") & "'!B344"), "") -> 0.76 | O99: =IFERROR(INDIRECT("'" & SUBSTITUTE($N$1,"'","''") & "'!C344"), "") -> 49 | P99: =IFERROR(INDIRECT("'" & SUBSTITUTE($P$1,"'","''") & "'!B344"), "") -> 1.61 | Q99: =IFERROR(INDIRECT("'" & SUBSTITUTE($P$1,"'","''") & "'!C344"), "") -> 90 | R99: =IFERROR(INDIRECT("'" & SUBSTITUTE($R$1,"'","''") & "'!B344"), "") -> 0.4 | S99: =IFERROR(INDIRECT("'" & SUBSTITUTE($R$1,"'","''") & "'!C344"), "") -> 19 | T99: =IFERROR(INDIRECT("'" & SUBSTITUTE($T$1,"'","''") & "'!B344"), "") -> 0.6 | U99: =IFERROR(INDIRECT("'" & SUBSTITUTE($T$1,"'","''") & "'!C344"), "") -> 29 | V99: =IFERROR(INDIRECT("'" & SUBSTITUTE($V$1,"'","''") & "'!B344"), "") -> 1.1 | W99: =IFERROR(INDIRECT("'" & SUBSTITUTE($V$1,"'","''") & "'!C344"), "") -> 71 | X99: =IFERROR(INDIRECT("'" & SUBSTITUTE($X$1,"'","''") & "'!B344"), "") -> 0.23 | Y99: =IFERROR(INDIRECT("'" & SUBSTITUTE($X$1,"'","''") & "'!C344"), "") -> 3
A100: Successful Take-On % | B100: =IFERROR(INDIRECT("'" & SUBSTITUTE($B$1,"'","''") & "'!B347"), "") -> 0.407 | C100: =IFERROR(INDIRECT("'" & SUBSTITUTE($B$1,"'","''") & "'!C347"), "") -> 30 | D100: =IFERROR(INDIRECT("'" & SUBSTITUTE($D$1,"'","''") & "'!B347"), "") -> 0.429 | E100: =IFERROR(INDIRECT("'" & SUBSTITUTE($D$1,"'","''") & "'!C347"), "") -> 37 | F100: =IFERROR(INDIRECT("'" & SUBSTITUTE($F$1,"'","''") & "'!B347"), "") -> 0.375 | G100: =IFERROR(INDIRECT("'" & SUBSTITUTE($F$1,"'","''") & "'!C347"), "") -> 20 | H100: =IFERROR(INDIRECT("'" & SUBSTITUTE($H$1,"'","''") & "'!B347"), "") -> 0.436 | I100: =IFERROR(INDIRECT("'" & SUBSTITUTE($H$1,"'","''") & "'!C347"), "") -> 39 | J100: =IFERROR(INDIRECT("'" & SUBSTITUTE($J$1,"'","''") & "'!B347"), "") -> 0.643 | K100: =IFERROR(INDIRECT("'" & SUBSTITUTE($J$1,"'","''") & "'!C347"), "") -> 66 | L100: =IFERROR(INDIRECT("'" & SUBSTITUTE($L$1,"'","''") & "'!B347"), "") -> 0.333 | M100: =IFERROR(INDIRECT("'" & SUBSTITUTE($L$1,"'","''") & "'!C347"), "") -> 6 | N100: =IFERROR(INDIRECT("'" & SUBSTITUTE($N$1,"'","''") & "'!B347"), "") -> 0.543 | O100: =IFERROR(INDIRECT("'" & SUBSTITUTE($N$1,"'","''") & "'!C347"), "") -> 74 | P100: =IFERROR(INDIRECT("'" & SUBSTITUTE($P$1,"'","''") & "'!B347"), "") -> 0.518 | Q100: =IFERROR(INDIRECT("'" & SUBSTITUTE($P$1,"'","''") & "'!C347"), "") -> 55 | R100: =IFERROR(INDIRECT("'" & SUBSTITUTE($R$1,"'","''") & "'!B347"), "") -> 0.533 | S100: =IFERROR(INDIRECT("'" & SUBSTITUTE($R$1,"'","''") & "'!C347"), "") -> 61 | T100: =IFERROR(INDIRECT("'" & SUBSTITUTE($T$1,"'","''") & "'!B347"), "") -> 0.625 | U100: =IFERROR(INDIRECT("'" & SUBSTITUTE($T$1,"'","''") & "'!C347"), "") -> 83 | V100: =IFERROR(INDIRECT("'" & SUBSTITUTE($V$1,"'","''") & "'!B347"), "") -> 0.667 | W100: =IFERROR(INDIRECT("'" & SUBSTITUTE($V$1,"'","''") & "'!C347"), "") -> 95 | X100: =IFERROR(INDIRECT("'" & SUBSTITUTE($X$1,"'","''") & "'!B347"), "") -> 0.5 | Y100: =IFERROR(INDIRECT("'" & SUBSTITUTE($X$1,"'","''") & "'!C347"), "") -> 18
A101: Times Tackled During Take-On | B101: =IFERROR(INDIRECT("'" & SUBSTITUTE($B$1,"'","''") & "'!B350"), "") -> 0.45 | C101: =IFERROR(INDIRECT("'" & SUBSTITUTE($B$1,"'","''") & "'!C350"), "") -> 55 | D101: =IFERROR(INDIRECT("'" & SUBSTITUTE($D$1,"'","''") & "'!B350"), "") -> 1 | E101: =IFERROR(INDIRECT("'" & SUBSTITUTE($D$1,"'","''") & "'!C350"), "") -> 16 | F101: =IFERROR(INDIRECT("'" & SUBSTITUTE($F$1,"'","''") & "'!B350"), "") -> 1.1 | G101: =IFERROR(INDIRECT("'" & SUBSTITUTE($F$1,"'","''") & "'!C350"), "") -> 11 | H101: =IFERROR(INDIRECT("'" & SUBSTITUTE($H$1,"'","''") & "'!B350"), "") -> 0.48 | I101: =IFERROR(INDIRECT("'" & SUBSTITUTE($H$1,"'","''") & "'!C350"), "") -> 52 | J101: =IFERROR(INDIRECT("'" & SUBSTITUTE($J$1,"'","''") & "'!B350"), "") -> 0.11 | K101: =IFERROR(INDIRECT("'" & SUBSTITUTE($J$1,"'","''") & "'!C350"), "") -> 44 | L101: =IFERROR(INDIRECT("'" & SUBSTITUTE($L$1,"'","''") & "'!B350"), "") -> 0.07 | M101: =IFERROR(INDIRECT("'" & SUBSTITUTE($L$1,"'","''") & "'!C350"), "") -> 98 | N101: =IFERROR(INDIRECT("'" & SUBSTITUTE($N$1,"'","''") & "'!B350"), "") -> 0.58 | O101: =IFERROR(INDIRECT("'" & SUBSTITUTE($N$1,"'","''") & "'!C350"), "") -> 47 | P101: =IFERROR(INDIRECT("'" & SUBSTITUTE($P$1,"'","''") & "'!B350"), "") -> 1.02 | Q101: =IFERROR(INDIRECT("'" & SUBSTITUTE($P$1,"'","''") & "'!C350"), "") -> 20 | R101: =IFERROR(INDIRECT("'" & SUBSTITUTE($R$1,"'","''") & "'!B350"), "") -> 0.35 | S101: =IFERROR(INDIRECT("'" & SUBSTITUTE($R$1,"'","''") & "'!C350"), "") -> 71 | T101: =IFERROR(INDIRECT("'" & SUBSTITUTE($T$1,"'","''") & "'!B350"), "") -> 0.27 | U101: =IFERROR(INDIRECT("'" & SUBSTITUTE($T$1,"'","''") & "'!C350"), "") -> 82 | V101: =IFERROR(INDIRECT("'" & SUBSTITUTE($V$1,"'","''") & "'!B350"), "") -> 0.44 | W101: =IFERROR(INDIRECT("'" & SUBSTITUTE($V$1,"'","''") & "'!C350"), "") -> 68 | X101: =IFERROR(INDIRECT("'" & SUBSTITUTE($X$1,"'","''") & "'!B350"), "") -> 0.23 | Y101: =IFERROR(INDIRECT("'" & SUBSTITUTE($X$1,"'","''") & "'!C350"), "") -> 85
A102: Tackled During Take-On Percentage | B102: =IFERROR(INDIRECT("'" & SUBSTITUTE($B$1,"'","''") & "'!B353"), "") -> 0.519 | C102: =IFERROR(INDIRECT("'" & SUBSTITUTE($B$1,"'","''") & "'!C353"), "") -> 21 | D102: =IFERROR(INDIRECT("'" & SUBSTITUTE($D$1,"'","''") & "'!B353"), "") -> 0.471 | E102: =IFERROR(INDIRECT("'" & SUBSTITUTE($D$1,"'","''") & "'!C353"), "") -> 34 | F102: =IFERROR(INDIRECT("'" & SUBSTITUTE($F$1,"'","''") & "'!B353"), "") -> 0.375 | G102: =IFERROR(INDIRECT("'" & SUBSTITUTE($F$1,"'","''") & "'!C353"), "") -> 71 | H102: =IFERROR(INDIRECT("'" & SUBSTITUTE($H$1,"'","''") & "'!B353"), "") -> 0.385 | I102: =IFERROR(INDIRECT("'" & SUBSTITUTE($H$1,"'","''") & "'!C353"), "") -> 67 | J102: =IFERROR(INDIRECT("'" & SUBSTITUTE($J$1,"'","''") & "'!B353"), "") -> 0.286 | K102: =IFERROR(INDIRECT("'" & SUBSTITUTE($J$1,"'","''") & "'!C353"), "") -> 65 | L102: =IFERROR(INDIRECT("'" & SUBSTITUTE($L$1,"'","''") & "'!B353"), "") -> 0.333 | M102: =IFERROR(INDIRECT("'" & SUBSTITUTE($L$1,"'","''") & "'!C353"), "") -> 76 | N102: =IFERROR(INDIRECT("'" & SUBSTITUTE($N$1,"'","''") & "'!B353"), "") -> 0.413 | O102: =IFERROR(INDIRECT("'" & SUBSTITUTE($N$1,"'","''") & "'!C353"), "") -> 55 | P102: =IFERROR(INDIRECT("'" & SUBSTITUTE($P$1,"'","''") & "'!B353"), "") -> 0.329 | Q102: =IFERROR(INDIRECT("'" & SUBSTITUTE($P$1,"'","''") & "'!C353"), "") -> 65 | R102: =IFERROR(INDIRECT("'" & SUBSTITUTE($R$1,"'","''") & "'!B353"), "") -> 0.467 | S102: =IFERROR(INDIRECT("'" & SUBSTITUTE($R$1,"'","''") & "'!C353"), "") -> 17 | T102: =IFERROR(INDIRECT("'" & SUBSTITUTE($T$1,"'","''") & "'!B353"), "") -> 0.281 | U102: =IFERROR(INDIRECT("'" & SUBSTITUTE($T$1,"'","''") & "'!C353"), "") -> 75 | V102: =IFERROR(INDIRECT("'" & SUBSTITUTE($V$1,"'","''") & "'!B353"), "") -> 0.267 | W102: =IFERROR(INDIRECT("'" & SUBSTITUTE($V$1,"'","''") & "'!C353"), "") -> 90 | X102: =IFERROR(INDIRECT("'" & SUBSTITUTE($X$1,"'","''") & "'!B353"), "") -> 0.5 | Y102: =IFERROR(INDIRECT("'" & SUBSTITUTE($X$1,"'","''") & "'!C353"), "") -> 18
...

Sheet Marshall Munetsi
A1: Statistic | B1: Per 90 | C1: Percentile
A2: Goals | B2: 0.13 | C2: 74
A5: Assists | B5: 0.13 | C5: 71
A8: Goals + Assists | B8: 0.26 | C8: 73
A11: Non-Penalty Goals | B11: 0.13 | C11: 76
A14: Penalty Kicks Made | B14: 0 | C14: 45
A17: Penalty Kicks Attempted | B17: 0 | C17: 44
A20: Yellow Cards | B20: 0.13 | C20: 79
A23: Red Cards | B23: 0 | C23: 59
A26: xG: Expected Goals | B26: 0.19 | C26: 90
A29: npxG: Non-Penalty xG | B29: 0.19 | C29: 92
A32: xAG: Exp. Assisted Goals | B32: 0.13 | C32: 77
A35: npxG + xAG | B35: 0.32 | C35: 89
... A45: Progressive Passes Rec | B45: 2.96 | C45: 79
A48: Shooting
A49: Statistic | B49: Per 90 | C49: Percentile
A50: Goals | B50: 0.13 | C50: 74
A53: Shots Total | B53: 1.59 | C53: 84
A56: Shots on Target | B56: 0.52 | C56: 82
A59: Shots on Target % | B59: 0.327 | C59: 65
A62: Goals/Shot | B62: 0.08 | C62: 56
A65: Goals/Shot on Target | B65: 0.25 | C65: 49
A68: Average Shot Distance | B68: 14.7 | C68: 90
A71: Shots from Free Kicks | B71: 0 | C71: 34
A74: Penalty Kicks Made | B74: 0 | C74: 45
A77: Penalty Kicks Attempted | B77: 0 | C77: 44
A81: xG: Expected Goals | B81: 0.19 | C81: 90
A84: npxG: Non-Penalty xG | B84: 0.19 | C84: 92
... A93: Non-Penalty Goals - npxG | B93: -0.06 | C93: 7
A96: Passing
A97: Statistic | B97: Per 90 | C97: Percentile
A98: Passes Completed | B98: 12.31 | C98: 1
A101: Passes Attempted | B101: 18.87 | C101: 1
A104: Pass Completion % | B104: 0.652 | C104: 1
A107: Total Passing Distance | B107: 169.48 | C107: 1
A110: Progressive Passing Distance | B110: 49.24 | C110: 1
A114: Passes Completed (Short) | B114: 6.98 | C114: 1
A117: Passes Attempted (Short) | B117: 9.97 | C117: 1
A120: Pass Completion % (Short) | B120: 0.7 | C120: 1
A124: Passes Completed (Medium) | B124: 3.99 | C124: 1
A127: Passes Attempted (Medium) | B127: 5.55 | C127: 1
A130: Pass Completion % (Medium) | B130: 0.719 | C130: 1
A134: Passes Completed (Long) | B134: 0.49 | C134: 1
... A164: Progressive Passes | B164: 1.2 | C164: 1
A167: Pass Types
A168: Statistic | B168: Per 90 | C168: Percentile
A169: Passes Attempted | B169: 18.87 | C169: 1
A173: Live-ball Passes | B173: 18.58 | C173: 1
A176: Dead-ball Passes | B176: 0.26 | C176: 1
A179: Passes from Free Kicks | B179: 0 | C179: 1
A182: Through Balls | B182: 0.1 | C182: 28
A185: Switches | B185: 0 | C185: 2
A188: Crosses | B188: 1.01 | C188: 56
A191: Throw-ins Taken | B191: 0.03 | C191: 9
A194: Corner Kicks | B194: 0 | C194: 22
A198: Inswinging Corner Kicks | B198: 0 | C198: 27
A201: Outswinging Corner Kicks | B201: 0 | C201: 30
A204: Straight Corner Kicks | B204: 0 | C204: 46
... A214: Passes Blocked | B214: 0.71 | C214: 57
A217: Goal and Shot Creation
A218: Statistic | B218: Per 90 | C218: Percentile
A219: Shot-Creating Actions | B219: 1.79 | C219: 30
A223: SCA (Live-ball Pass) | B223: 1.4 | C223: 28
